{
	"credit": "Made with Blockbench",
	"textures": {
		"0": "items/rgbsheet1",
		"1": "items/texturedmaterials1",
		"particle": "items/rgbsheet1"
	},
	"elements": [
		{
			"from": [5.5, 3.5, 2.99],
			"to": [10.5, 5.5, 4.99],
			"rotation": {"angle": 45, "axis": "z", "origin": [8, 4.5, 4.5]},
			"faces": {
				"north": {"uv": [0, 9, 3, 12], "rotation": 270, "texture": "#1"},
				"east": {"uv": [0, 9, 3, 12], "rotation": 270, "texture": "#1"},
				"south": {"uv": [0, 9, 3, 12], "rotation": 270, "texture": "#1"},
				"west": {"uv": [0, 9, 3, 12], "rotation": 270, "texture": "#1"},
				"up": {"uv": [0, 9, 3, 12], "rotation": 270, "texture": "#1"},
				"down": {"uv": [0, 9, 3, 12], "rotation": 270, "texture": "#1"}
			}
		},
		{
			"from": [5.5, 3.5, 3],
			"to": [10.5, 5.5, 5],
			"faces": {
				"north": {"uv": [0, 9, 3, 12], "rotation": 270, "texture": "#1"},
				"east": {"uv": [0, 9, 3, 12], "rotation": 270, "texture": "#1"},
				"south": {"uv": [0, 9, 3, 12], "rotation": 270, "texture": "#1"},
				"west": {"uv": [0, 9, 3, 12], "rotation": 270, "texture": "#1"},
				"up": {"uv": [0, 9, 3, 12], "rotation": 270, "texture": "#1"},
				"down": {"uv": [0, 9, 3, 12], "rotation": 270, "texture": "#1"}
			}
		},
		{
			"from": [7, 2, 3.01],
			"to": [9, 7, 5.01],
			"rotation": {"angle": 45, "axis": "z", "origin": [8, 4.5, 4.5]},
			"faces": {
				"north": {"uv": [0, 9, 3, 12], "texture": "#1"},
				"east": {"uv": [0, 9, 3, 12], "texture": "#1"},
				"south": {"uv": [0, 9, 3, 12], "texture": "#1"},
				"west": {"uv": [0, 9, 3, 12], "texture": "#1"},
				"up": {"uv": [0, 9, 3, 12], "texture": "#1"},
				"down": {"uv": [0, 9, 3, 12], "texture": "#1"}
			}
		},
		{
			"from": [7, 2, 3.02],
			"to": [9, 7, 5.02],
			"faces": {
				"north": {"uv": [0, 9, 3, 12], "texture": "#1"},
				"east": {"uv": [0, 9, 3, 12], "texture": "#1"},
				"south": {"uv": [0, 9, 3, 12], "texture": "#1"},
				"west": {"uv": [0, 9, 3, 12], "texture": "#1"},
				"up": {"uv": [0, 9, 3, 12], "texture": "#1"},
				"down": {"uv": [0, 9, 3, 12], "texture": "#1"}
			}
		},
		{
			"from": [7.25, 7, -2.1],
			"to": [8.75, 8.75, -2.1],
			"faces": {
				"north": {"uv": [7, 15, 8, 16], "texture": "#0"},
				"east": {"uv": [7, 15, 8, 16], "texture": "#0"},
				"south": {"uv": [7, 15, 8, 16], "texture": "#0"},
				"west": {"uv": [7, 15, 8, 16], "texture": "#0"},
				"up": {"uv": [7, 15, 8, 16], "texture": "#0"},
				"down": {"uv": [7, 15, 8, 16], "texture": "#0"}
			}
		},
		{
			"from": [7.5, 7.5, -7],
			"to": [8.5, 8.5, -2],
			"faces": {
				"north": {"uv": [0, 9, 3, 12], "texture": "#1"},
				"east": {"uv": [0, 9, 3, 12], "texture": "#1"},
				"south": {"uv": [0, 9, 3, 12], "texture": "#1"},
				"west": {"uv": [0, 9, 3, 12], "texture": "#1"},
				"up": {"uv": [0, 9, 3, 12], "texture": "#1"},
				"down": {"uv": [0, 9, 3, 12], "texture": "#1"}
			}
		},
		{
			"from": [7.5, 8.5, -1.75],
			"to": [8.5, 10.2, -1.25],
			"faces": {
				"north": {"uv": [0, 9, 3, 12], "texture": "#1"},
				"east": {"uv": [0, 9, 3, 12], "texture": "#1"},
				"south": {"uv": [0, 9, 3, 12], "texture": "#1"},
				"west": {"uv": [0, 9, 3, 12], "texture": "#1"},
				"up": {"uv": [0, 9, 3, 12], "texture": "#1"},
				"down": {"uv": [0, 9, 3, 12], "texture": "#1"}
			}
		},
		{
			"from": [7.5, 8.5, -1],
			"to": [8.5, 10.5, -0.7],
			"rotation": {"angle": -22.5, "axis": "x", "origin": [8, 9.5, -0.5]},
			"faces": {
				"north": {"uv": [0, 9, 3, 12], "texture": "#1"},
				"east": {"uv": [0, 9, 3, 12], "texture": "#1"},
				"south": {"uv": [0, 9, 3, 12], "texture": "#1"},
				"west": {"uv": [0, 9, 3, 12], "texture": "#1"},
				"up": {"uv": [0, 9, 3, 12], "texture": "#1"},
				"down": {"uv": [0, 9, 3, 12], "texture": "#1"}
			}
		},
		{
			"from": [7.01, 7, -0.5],
			"to": [9.01, 8, 3.5],
			"rotation": {"angle": 22.5, "axis": "x", "origin": [8, 7.5, 0.5]},
			"faces": {
				"north": {"uv": [0, 4, 2, 5], "texture": "#1"},
				"east": {"uv": [0, 4, 4, 5], "texture": "#1"},
				"south": {"uv": [0, 4, 2, 5], "texture": "#1"},
				"west": {"uv": [0, 4, 4, 5], "texture": "#1"},
				"up": {"uv": [0, 4, 2, 8], "texture": "#1"},
				"down": {"uv": [0, 4, 2, 8], "texture": "#1"}
			}
		},
		{
			"from": [7, 7, -2],
			"to": [9, 9, 3],
			"faces": {
				"north": {"uv": [0, 4, 2, 6], "texture": "#1"},
				"east": {"uv": [0, 4, 5, 6], "texture": "#1"},
				"south": {"uv": [0, 4, 2, 6], "texture": "#1"},
				"west": {"uv": [0, 4, 5, 6], "texture": "#1"},
				"up": {"uv": [0, 4, 2, 9], "texture": "#1"},
				"down": {"uv": [0, 4, 2, 9], "texture": "#1"}
			}
		},
		{
			"from": [7.01, 2, 7],
			"to": [9.01, 7, 9],
			"rotation": {"angle": -22.5, "axis": "x", "origin": [8, 8, 8]},
			"faces": {
				"north": {"uv": [0, 4, 5, 7], "texture": "#1"},
				"east": {"uv": [0, 4, 5, 7], "texture": "#1"},
				"south": {"uv": [0, 4, 5, 7], "texture": "#1"},
				"west": {"uv": [0, 4, 5, 7], "texture": "#1"},
				"up": {"uv": [0, 4, 5, 7], "texture": "#1"},
				"down": {"uv": [0, 4, 5, 7], "texture": "#1"}
			}
		},
		{
			"from": [7.1, 9, -1],
			"to": [8.9, 9.2, 17],
			"faces": {
				"north": {"uv": [0, 4, 1.8, 4.2], "texture": "#1"},
				"east": {"uv": [0, 4, 16, 4.2], "texture": "#1"},
				"south": {"uv": [0, 4, 1.8, 4.2], "texture": "#1"},
				"west": {"uv": [0, 4, 16, 4.2], "texture": "#1"},
				"up": {"uv": [0, 4, 16, 5.8], "rotation": 90, "texture": "#1"},
				"down": {"uv": [0, 4, 1.8, 20], "texture": "#1"}
			}
		},
		{
			"from": [7, 6, 3],
			"to": [9, 9, 10],
			"faces": {
				"north": {"uv": [0, 4, 2, 7], "texture": "#1"},
				"east": {"uv": [0, 4, 7, 7], "texture": "#1"},
				"south": {"uv": [0, 4, 2, 7], "texture": "#1"},
				"west": {"uv": [0, 4, 7, 7], "texture": "#1"},
				"up": {"uv": [0, 4, 2, 11], "texture": "#1"},
				"down": {"uv": [0, 4, 2, 11], "texture": "#1"}
			}
		},
		{
			"from": [7, 6, 10],
			"to": [9, 9, 17],
			"faces": {
				"north": {"uv": [0, 4, 2, 7], "texture": "#1"},
				"east": {"uv": [0, 4, 7, 7], "texture": "#1"},
				"south": {"uv": [0, 4, 2, 7], "texture": "#1"},
				"west": {"uv": [0, 4, 7, 7], "texture": "#1"},
				"up": {"uv": [0, 4, 2, 11], "texture": "#1"},
				"down": {"uv": [0, 4, 2, 11], "texture": "#1"}
			}
		},
		{
			"from": [7.02, 7, 10],
			"to": [9.02, 10, 17],
			"rotation": {"angle": 22.5, "axis": "x", "origin": [8, 8, 8]},
			"faces": {
				"north": {"uv": [0, 4, 2, 7], "texture": "#1"},
				"east": {"uv": [0, 4, 7, 7], "texture": "#1"},
				"south": {"uv": [0, 4, 2, 7], "texture": "#1"},
				"west": {"uv": [0, 4, 7, 7], "texture": "#1"},
				"up": {"uv": [0, 4, 2, 11], "texture": "#1"},
				"down": {"uv": [0, 4, 2, 11], "texture": "#1"}
			}
		}
	],
	"display": {
		"thirdperson": {
			"rotation": [-3, 90, -90],
			"translation": [2, 0, 0],
			"scale": [1, 1.2, 1.2]
		},
		"firstperson": {
			"rotation": [0, -60, 0],
			"translation": [-8, 7,1],
			"scale": [1.2,1.2,1.8]
		},
		"gui": {
			"rotation": [0, 133, 0]
		},
		"fixed": {
			"rotation": [-89, 130, 96],
			"translation": [2.25, -0.5, -0.5]
		}
	}
}