{
	"credit": "Made with Blockbench",
	"textures": {
		"0": "items/rgbsheet1",
		"1": "items/texturedmaterials1",
		"particle": "items/rgbsheet1"
	},
	"elements": [
		{
			"from": [-8.25, 10.25, 4],
			"to": [5.25, 11, 4.75],
			"faces": {
				"north": {"uv": [8, 5, 16, 5.75], "texture": "#1"},
				"east": {"uv": [8, 5, 16, 5.75], "texture": "#1"},
				"south": {"uv": [8, 5, 16, 5.75], "texture": "#1"},
				"west": {"uv": [8, 5, 16, 5.75], "texture": "#1"},
				"up": {"uv": [8, 5, 15, 5.75], "texture": "#1"},
				"down": {"uv": [8, 5, 16, 5.75], "texture": "#1"}
			}
		},
		{
			"from": [-2.75, 9.25, 4],
			"to": [5.25, 10, 4.75],
			"faces": {
				"north": {"uv": [8, 4, 16, 4.75], "texture": "#1"},
				"east": {"uv": [8, 4, 16, 4.75], "texture": "#1"},
				"south": {"uv": [8, 4, 16, 4.75], "texture": "#1"},
				"west": {"uv": [8, 4, 16, 4.75], "texture": "#1"},
				"up": {"uv": [8, 4, 16, 4.75], "texture": "#1"},
				"down": {"uv": [8, 4, 16, 4.75], "texture": "#1"}
			}
		},
		{
			"from": [0.25, 9, 3.75],
			"to": [3.75, 10.5, 5],
			"faces": {
				"north": {"uv": [8, 4, 11.5, 5.5], "texture": "#1"},
				"east": {"uv": [8, 4, 11.5, 5.5], "texture": "#1"},
				"south": {"uv": [8, 4, 11.5, 5.5], "texture": "#1"},
				"west": {"uv": [8, 4, 11.5, 5.5], "texture": "#1"},
				"up": {"uv": [8, 4, 11.5, 5.5], "texture": "#1"},
				"down": {"uv": [8, 4, 11.5, 5.5], "texture": "#1"}
			}
		},
		{
			"from": [3.5, 8.75, 3.5],
			"to": [11, 10.75, 5.25],
			"faces": {
				"north": {"uv": [8, 4, 15.5, 6], "texture": "#1"},
				"east": {"uv": [8, 4, 15.5, 6], "texture": "#1"},
				"south": {"uv": [8, 4, 15.5, 6], "texture": "#1"},
				"west": {"uv": [8, 4, 15.5, 6], "texture": "#1"},
				"up": {"uv": [8, 4, 15.5, 6], "texture": "#1"},
				"down": {"uv": [8, 4, 15.5, 6], "texture": "#1"}
			}
		},
		{
			"from": [5.25, 10.75, 3.5],
			"to": [11, 11.5, 5.25],
			"faces": {
				"north": {"uv": [8, 4, 13.75, 4.75], "texture": "#1"},
				"east": {"uv": [8, 4, 9.75, 4.75], "texture": "#1"},
				"south": {"uv": [8, 4, 13.75, 4.75], "texture": "#1"},
				"west": {"uv": [8, 4, 9.75, 4.75], "texture": "#1"},
				"up": {"uv": [8, 4, 13.75, 5.75], "texture": "#1"},
				"down": {"uv": [8, 4, 13.75, 5.75], "texture": "#1"}
			}
		},
		{
			"from": [-2.75, 9.5, 4],
			"to": [-2, 10.5, 4.75],
			"faces": {
				"north": {"uv": [8, 4, 8.75, 5], "texture": "#1"},
				"east": {"uv": [8, 4, 8.75, 5], "texture": "#1"},
				"south": {"uv": [8, 4, 8.75, 5], "texture": "#1"},
				"west": {"uv": [8, 4, 8.75, 5], "texture": "#1"},
				"up": {"uv": [8, 4, 8.75, 4.75], "texture": "#1"},
				"down": {"uv": [8, 4, 8.75, 4.75], "texture": "#1"}
			}
		},
		{
			"from": [-7.25, 6.8125, 4],
			"to": [-6.75, 10.5625, 4.5],
			"rotation": {"angle": 22.5, "axis": "x", "origin": [-7.25, 10.5625, 4]},
			"faces": {
				"north": {"uv": [8, 4, 8.5, 7.75], "texture": "#1"},
				"east": {"uv": [8, 4, 8.5, 7.75], "texture": "#1"},
				"south": {"uv": [8, 4, 8.5, 7.75], "texture": "#1"},
				"west": {"uv": [8, 4, 8.5, 7.75], "texture": "#1"},
				"up": {"uv": [8, 4, 8.5, 4.5], "texture": "#1"},
				"down": {"uv": [8, 4, 8.5, 4.5], "texture": "#1"}
			}
		},
		{
			"from": [-7.25, 6.5, 4.25],
			"to": [-6.75, 10.25, 4.75],
			"rotation": {"angle": -22.5, "axis": "x", "origin": [-7.25, 10.25, 4.25]},
			"faces": {
				"north": {"uv": [8, 4, 8.5, 7.75], "texture": "#1"},
				"east": {"uv": [8, 4, 8.5, 7.75], "texture": "#1"},
				"south": {"uv": [8, 4, 8.5, 7.75], "texture": "#1"},
				"west": {"uv": [8, 4, 8.5, 7.75], "texture": "#1"},
				"up": {"uv": [8, 4, 8.5, 4.5], "texture": "#1"},
				"down": {"uv": [8, 4, 8.5, 4.5], "texture": "#1"}
			}
		},
		{
			"from": [-7.25, 10.75, 4],
			"to": [-6.75, 11.75, 4.75],
			"faces": {
				"north": {"uv": [8, 4, 8.5, 5], "texture": "#1"},
				"east": {"uv": [8, 4, 8.75, 5], "texture": "#1"},
				"south": {"uv": [8, 4, 8.5, 5], "texture": "#1"},
				"west": {"uv": [8, 4, 8.75, 5], "texture": "#1"},
				"up": {"uv": [8, 4, 8.5, 4.75], "texture": "#1"},
				"down": {"uv": [8, 4, 8.5, 4.75], "texture": "#1"}
			}
		},
		{
			"from": [-0.5, 10.125, 4],
			"to": [-0.1875, 12.25, 4.75],
			"rotation": {"angle": -45, "axis": "z", "origin": [-0.5, 12.25, 4]},
			"faces": {
				"north": {"uv": [8, 4, 8.3125, 6.125], "texture": "#1"},
				"east": {"uv": [8, 4, 8.75, 6.125], "texture": "#1"},
				"south": {"uv": [8, 4, 8.3125, 6.125], "texture": "#1"},
				"west": {"uv": [8, 4, 8.75, 6.125], "texture": "#1"},
				"up": {"uv": [8, 4, 8.3125, 4.75], "texture": "#1"},
				"down": {"uv": [8, 4, 8.3125, 4.75], "texture": "#1"}
			}
		},
		{
			"from": [-0.4375, 11.875, 4],
			"to": [3.9375, 12.25, 4.75],
			"faces": {
				"north": {"uv": [8, 4, 12.375, 4.375], "texture": "#1"},
				"east": {"uv": [8, 4, 8.75, 4.375], "texture": "#1"},
				"south": {"uv": [8, 4, 12.375, 4.375], "texture": "#1"},
				"west": {"uv": [8, 4, 8.75, 4.375], "texture": "#1"},
				"up": {"uv": [8, 4, 12.375, 4.75], "texture": "#1"},
				"down": {"uv": [8, 4, 12.375, 4.75], "texture": "#1"}
			}
		},
		{
			"from": [3.6875, 11.125, 4],
			"to": [4.0625, 12.125, 4.75],
			"rotation": {"angle": 22.5, "axis": "z", "origin": [3.6875, 12.125, 4]},
			"faces": {
				"north": {"uv": [8, 4, 8.375, 5], "texture": "#1"},
				"east": {"uv": [8, 4, 8.75, 5], "texture": "#1"},
				"south": {"uv": [8, 4, 8.375, 5], "texture": "#1"},
				"west": {"uv": [8, 4, 8.75, 5], "texture": "#1"},
				"up": {"uv": [8, 4, 8.375, 4.75], "texture": "#1"},
				"down": {"uv": [8, 4, 8.375, 4.75], "texture": "#1"}
			}
		},
		{
			"from": [4.25, 10.625, 4],
			"to": [4.625, 11.625, 4.75],
			"rotation": {"angle": -45, "axis": "z", "origin": [4.25, 11.625, 4]},
			"faces": {
				"north": {"uv": [8, 4, 8.375, 5], "texture": "#1"},
				"east": {"uv": [8, 4, 8.75, 5], "texture": "#1"},
				"south": {"uv": [8, 4, 8.375, 5], "texture": "#1"},
				"west": {"uv": [8, 4, 8.75, 5], "texture": "#1"},
				"up": {"uv": [8, 4, 8.375, 4.75], "texture": "#1"},
				"down": {"uv": [8, 4, 8.375, 4.75], "texture": "#1"}
			}
		},
		{
			"from": [0.5, 10.9375, 4],
			"to": [0.8125, 12, 4.75],
			"faces": {
				"north": {"uv": [8, 4, 8.3125, 5.0625], "texture": "#1"},
				"east": {"uv": [8, 4, 8.75, 5.0625], "texture": "#1"},
				"south": {"uv": [8, 4, 8.3125, 5.0625], "texture": "#1"},
				"west": {"uv": [8, 4, 8.75, 5.0625], "texture": "#1"},
				"up": {"uv": [8, 4, 8.3125, 4.75], "texture": "#1"},
				"down": {"uv": [8, 4, 8.3125, 4.75], "texture": "#1"}
			}
		},
		{
			"from": [3.49, 6, 2.5],
			"to": [5.49, 9, 6.25],
			"faces": {
				"north": {"uv": [7, 6, 8, 7], "texture": "#0"},
				"east": {"uv": [7, 6, 8, 7], "texture": "#0"},
				"south": {"uv": [7, 6, 8, 7], "texture": "#0"},
				"west": {"uv": [7, 6, 8, 7], "texture": "#0"},
				"up": {"uv": [7, 6, 8, 7], "texture": "#0"},
				"down": {"uv": [7, 6, 8, 7], "texture": "#0"}
			}
		},
		{
			"from": [9, 5.875, 4],
			"to": [10, 8.75, 4.75],
			"rotation": {"angle": 22.5, "axis": "z", "origin": [9, 8.75, 4]},
			"faces": {
				"north": {"uv": [8, 4, 9, 6.875], "texture": "#1"},
				"east": {"uv": [8, 4, 8.75, 6.875], "texture": "#1"},
				"south": {"uv": [8, 4, 9, 6.875], "texture": "#1"},
				"west": {"uv": [8, 4, 8.75, 6.875], "texture": "#1"},
				"up": {"uv": [8, 4, 9, 4.75], "texture": "#1"},
				"down": {"uv": [8, 4, 9, 4.75], "texture": "#1"}
			}
		},
		{
			"from": [7.25, 8.25, 4],
			"to": [10.5, 9, 4.75],
			"faces": {
				"north": {"uv": [8, 4, 11.25, 4.75], "texture": "#1"},
				"east": {"uv": [8, 4, 8.75, 4.75], "texture": "#1"},
				"south": {"uv": [8, 4, 11.25, 4.75], "texture": "#1"},
				"west": {"uv": [8, 4, 8.75, 4.75], "texture": "#1"},
				"up": {"uv": [8, 4, 11.25, 4.75], "texture": "#1"},
				"down": {"uv": [8, 4, 11.25, 4.75], "texture": "#1"}
			}
		},
		{
			"from": [5.25, 11.5, 3.75],
			"to": [11, 11.75, 5],
			"faces": {
				"north": {"uv": [8, 4, 13.75, 4.25], "texture": "#1"},
				"east": {"uv": [8, 4, 9.25, 4.25], "texture": "#1"},
				"south": {"uv": [8, 4, 13.75, 4.25], "texture": "#1"},
				"west": {"uv": [8, 4, 9.25, 4.25], "texture": "#1"},
				"up": {"uv": [8, 4, 13.75, 5.25], "texture": "#1"},
				"down": {"uv": [8, 4, 13.75, 5.25], "texture": "#1"}
			}
		},
		{
			"from": [10.75, 9.5, 3.75],
			"to": [13, 10.75, 5],
			"faces": {
				"north": {"uv": [8, 4, 10.25, 5.25], "texture": "#1"},
				"east": {"uv": [8, 4, 9.25, 5.25], "texture": "#1"},
				"south": {"uv": [8, 4, 10.25, 5.25], "texture": "#1"},
				"west": {"uv": [8, 4, 9.25, 5.25], "texture": "#1"},
				"up": {"uv": [8, 4, 10.25, 5.25], "texture": "#1"},
				"down": {"uv": [8, 4, 10.25, 5.25], "texture": "#1"}
			}
		},
		{
			"from": [12.5, 10.25, 3.75],
			"to": [17.25, 11, 5],
			"faces": {
				"north": {"uv": [8, 4, 12.75, 4.75], "texture": "#1"},
				"east": {"uv": [8, 4, 9.25, 4.75], "texture": "#1"},
				"south": {"uv": [8, 4, 12.75, 4.75], "texture": "#1"},
				"west": {"uv": [8, 4, 9.25, 4.75], "texture": "#1"},
				"up": {"uv": [8, 4, 12.75, 5.25], "texture": "#1"},
				"down": {"uv": [8, 4, 12.75, 5.25], "texture": "#1"}
			}
		},
		{
			"from": [17.25, 8.5, 3.75],
			"to": [17.75, 11.25, 5],
			"faces": {
				"north": {"uv": [8, 4, 8.5, 6.75], "texture": "#1"},
				"east": {"uv": [8, 4, 9.25, 6.75], "texture": "#1"},
				"south": {"uv": [8, 4, 8.5, 6.75], "texture": "#1"},
				"west": {"uv": [8, 4, 9.25, 6.75], "texture": "#1"},
				"up": {"uv": [8, 4, 8.5, 5.25], "texture": "#1"},
				"down": {"uv": [8, 4, 8.5, 5.25], "texture": "#1"}
			}
		},
		{
			"from": [13, 8.875, 3.75],
			"to": [15, 10.0625, 5],
			"rotation": {"angle": -45, "axis": "z", "origin": [13, 10.0625, 3.75]},
			"faces": {
				"north": {"uv": [8, 4, 10, 5.1875], "texture": "#1"},
				"east": {"uv": [8, 4, 9.25, 5.1875], "texture": "#1"},
				"south": {"uv": [8, 4, 10, 5.1875], "texture": "#1"},
				"west": {"uv": [8, 4, 9.25, 5.1875], "texture": "#1"},
				"up": {"uv": [8, 4, 10, 5.25], "texture": "#1"},
				"down": {"uv": [8, 4, 10, 5.25], "texture": "#1"}
			}
		},
		{
			"from": [13.5, 7.75, 3.75],
			"to": [15, 8.5, 5],
			"rotation": {"angle": 22.5, "axis": "z", "origin": [13.5, 8.5, 3.75]},
			"faces": {
				"north": {"uv": [8, 4, 9.5, 4.75], "texture": "#1"},
				"east": {"uv": [8, 4, 9.25, 4.75], "texture": "#1"},
				"south": {"uv": [8, 4, 9.5, 4.75], "texture": "#1"},
				"west": {"uv": [8, 4, 9.25, 4.75], "texture": "#1"},
				"up": {"uv": [8, 4, 9.5, 5.25], "texture": "#1"},
				"down": {"uv": [8, 4, 9.5, 5.25], "texture": "#1"}
			}
		},
		{
			"from": [14.75, 8.25, 3.75],
			"to": [17.6875, 9, 5],
			"faces": {
				"north": {"uv": [8, 4, 10.9375, 4.75], "texture": "#1"},
				"east": {"uv": [8, 4, 9.25, 4.75], "texture": "#1"},
				"south": {"uv": [8, 4, 10.9375, 4.75], "texture": "#1"},
				"west": {"uv": [8, 4, 9.25, 4.75], "texture": "#1"},
				"up": {"uv": [8, 4, 10.9375, 5.25], "texture": "#1"},
				"down": {"uv": [8, 4, 10.9375, 5.25], "texture": "#1"}
			}
		},
		{
			"from": [8.25, 7.5, 4],
			"to": [9.75, 7.75, 4.75],
			"faces": {
				"north": {"uv": [8, 4, 9.5, 4.25], "texture": "#1"},
				"east": {"uv": [8, 4, 8.75, 4.25], "texture": "#1"},
				"south": {"uv": [8, 4, 9.5, 4.25], "texture": "#1"},
				"west": {"uv": [8, 4, 8.75, 4.25], "texture": "#1"},
				"up": {"uv": [8, 4, 9.5, 4.75], "texture": "#1"},
				"down": {"uv": [8, 4, 9.5, 4.75], "texture": "#1"}
			}
		},
		{
			"from": [8.25, 7.5, 4],
			"to": [8.5, 8.5, 4.75],
			"faces": {
				"north": {"uv": [8, 4, 8.25, 5], "texture": "#1"},
				"east": {"uv": [8, 4, 8.75, 5], "texture": "#1"},
				"south": {"uv": [8, 4, 8.25, 5], "texture": "#1"},
				"west": {"uv": [8, 4, 8.75, 5], "texture": "#1"},
				"up": {"uv": [8, 4, 8.25, 4.75], "texture": "#1"},
				"down": {"uv": [8, 4, 8.25, 4.75], "texture": "#1"}
			}
		}
	],
	"display": {
		"thirdperson": {
			"rotation": [-3, 90, -90],
			"translation": [2, 0, 0],
			"scale": [1, 1.2, 1.2]
		},
		"firstperson": {
			"rotation": [0, -140, 0],
			"translation": [-15, 7,1],
			"scale": [1.2,1.2,1.8]
		},
		"ground": {
			"rotation": [0, 0, -30],
			"translation": [0, -1.89, 4.54],
			"scale": [0.7, 0.7, 0.7]
		},
		"gui": {
			"rotation": [-21, 140, -40],
			"translation": [0.94, -1.2, 0],
			"scale": [0.8, 0.8, 0.8]
		},
		"head": {
			"rotation": [0, 6, -43],
			"translation": [2.46, -21.54, 11.15],
			"scale": [2, 2, 2]
		},
		"fixed": {
			"rotation": [0, 0, -44],
			"translation": [0, -2, 2.4]
		}
	}
}