{
	"credit": "Made with Blockbench",
	"textures": {
		"0": "items/rgbsheet1",
		"1": "items/texturedmaterials1",
		"particle": "items/rgbsheet1"
	},
	"elements": [
		{
			"from": [7.5, 9.5, 9.75],
			"to": [8.5, 10.5, 12.25],
			"rotation": {"angle": 22.5, "axis": "x", "origin": [8, 10.25, 10]},
			"faces": {
				"north": {"uv": [8, 4, 16, 8], "rotation": 90, "texture": "#1"},
				"east": {"uv": [8, 4, 16, 8], "rotation": 90, "texture": "#1"},
				"south": {"uv": [8, 4, 16, 8], "rotation": 90, "texture": "#1"},
				"west": {"uv": [8, 4, 16, 8], "rotation": 90, "texture": "#1"},
				"up": {"uv": [8, 4, 16, 8], "rotation": 90, "texture": "#1"},
				"down": {"uv": [8, 4, 16, 8], "rotation": 90, "texture": "#1"}
			}
		},
		{
			"from": [7.5, 9.75, 6.25],
			"to": [8.5, 11, 7.25],
			"rotation": {"angle": -22.5, "axis": "x", "origin": [8, 11.25, 7]},
			"faces": {
				"north": {"uv": [8, 4, 16, 8], "texture": "#1"},
				"east": {"uv": [8, 4, 16, 8], "texture": "#1"},
				"south": {"uv": [8, 4, 16, 8], "texture": "#1"},
				"west": {"uv": [8, 4, 16, 8], "texture": "#1"},
				"up": {"uv": [8, 4, 16, 8], "texture": "#1"},
				"down": {"uv": [8, 4, 16, 8], "texture": "#1"}
			}
		},
		{
			"from": [7.5, 10.5, 6.5],
			"to": [8.5, 11.25, 7.5],
			"faces": {
				"north": {"uv": [11, 4, 14, 6], "texture": "#1"},
				"east": {"uv": [11, 4, 14, 6], "texture": "#1"},
				"south": {"uv": [11, 4, 14, 6], "texture": "#1"},
				"west": {"uv": [11, 4, 14, 6], "texture": "#1"},
				"up": {"uv": [11, 4, 14, 6], "texture": "#1"},
				"down": {"uv": [11, 4, 14, 6], "texture": "#1"}
			}
		},
		{
			"from": [8.5, 12, 7],
			"to": [8.75, 13.5, 7.75],
			"faces": {
				"north": {"uv": [8, 4, 16, 8], "texture": "#1"},
				"east": {"uv": [8, 4, 16, 8], "texture": "#1"},
				"south": {"uv": [8, 4, 16, 8], "texture": "#1"},
				"west": {"uv": [8, 4, 16, 8], "texture": "#1"},
				"up": {"uv": [8, 4, 16, 8], "texture": "#1"},
				"down": {"uv": [8, 4, 16, 8], "texture": "#1"}
			}
		},
		{
			"from": [7.5, 12.75, 6.75],
			"to": [8.5, 13.5, 7],
			"faces": {
				"north": {"uv": [6, 14, 7, 15], "texture": "#0"},
				"east": {"uv": [6, 14, 7, 15], "texture": "#0"},
				"south": {"uv": [6, 14, 7, 15], "texture": "#0"},
				"west": {"uv": [6, 14, 7, 15], "texture": "#0"},
				"up": {"uv": [6, 14, 7, 15], "texture": "#0"},
				"down": {"uv": [6, 14, 7, 15], "texture": "#0"}
			}
		},
		{
			"from": [7.75, 13.75, 7],
			"to": [8.25, 14.25, 9.75],
			"faces": {
				"north": {"uv": [8, 4, 16, 8], "texture": "#1"},
				"east": {"uv": [8, 4, 16, 8], "texture": "#1"},
				"south": {"uv": [8, 4, 16, 8], "texture": "#1"},
				"west": {"uv": [8, 4, 16, 8], "texture": "#1"},
				"up": {"uv": [8, 4, 16, 8], "texture": "#1"},
				"down": {"uv": [8, 4, 16, 8], "texture": "#1"}
			}
		},
		{
			"from": [7.25, 13.5, 7],
			"to": [8.75, 13.75, 9.75],
			"faces": {
				"north": {"uv": [8, 4, 16, 8], "texture": "#1"},
				"east": {"uv": [8, 4, 16, 8], "texture": "#1"},
				"south": {"uv": [8, 4, 16, 8], "texture": "#1"},
				"west": {"uv": [8, 4, 16, 8], "texture": "#1"},
				"up": {"uv": [8, 4, 16, 8], "texture": "#1"},
				"down": {"uv": [8, 4, 16, 8], "texture": "#1"}
			}
		},
		{
			"from": [7.25, 12, 7],
			"to": [7.5, 13.5, 7.75],
			"faces": {
				"north": {"uv": [8, 4, 16, 8], "texture": "#1"},
				"east": {"uv": [8, 4, 16, 8], "texture": "#1"},
				"south": {"uv": [8, 4, 16, 8], "texture": "#1"},
				"west": {"uv": [8, 4, 16, 8], "texture": "#1"},
				"up": {"uv": [8, 4, 16, 8], "texture": "#1"},
				"down": {"uv": [8, 4, 16, 8], "texture": "#1"}
			}
		},
		{
			"from": [7.5, 12.75, 7],
			"to": [8.5, 13.25, 14.75],
			"faces": {
				"north": {"uv": [5, 0, 6, 1], "texture": "#0"},
				"east": {"uv": [5, 0, 6, 1], "texture": "#0"},
				"south": {"uv": [5, 0, 6, 1], "texture": "#0"},
				"west": {"uv": [5, 0, 6, 1], "texture": "#0"},
				"up": {"uv": [5, 0, 6, 1], "texture": "#0"},
				"down": {"uv": [5, 0, 6, 1], "texture": "#0"}
			}
		},
		{
			"from": [7.5, 9.5, 7],
			"to": [8.5, 10.25, 9.75],
			"faces": {
				"north": {"uv": [8, 4, 16, 8], "texture": "#1"},
				"east": {"uv": [8, 4, 16, 8], "texture": "#1"},
				"south": {"uv": [8, 4, 16, 8], "texture": "#1"},
				"west": {"uv": [8, 4, 16, 8], "texture": "#1"},
				"up": {"uv": [8, 4, 16, 8], "texture": "#1"},
				"down": {"uv": [8, 4, 16, 8], "texture": "#1"}
			}
		},
		{
			"from": [7.5, 9.5, 9.5],
			"to": [8.5, 11.25, 10.5],
			"faces": {
				"north": {"uv": [8, 4, 16, 8], "texture": "#1"},
				"east": {"uv": [8, 4, 16, 8], "texture": "#1"},
				"south": {"uv": [8, 4, 16, 8], "texture": "#1"},
				"west": {"uv": [8, 4, 16, 8], "texture": "#1"},
				"up": {"uv": [8, 4, 16, 8], "texture": "#1"},
				"down": {"uv": [8, 4, 16, 8], "texture": "#1"}
			}
		},
		{
			"from": [7.5, 9, 11.5],
			"to": [8.5, 10, 14.75],
			"rotation": {"angle": -22.5, "axis": "x", "origin": [8, 9.75, 12.75]},
			"faces": {
				"north": {"uv": [8, 4, 16, 8], "texture": "#1"},
				"east": {"uv": [8, 4, 16, 8], "texture": "#1"},
				"south": {"uv": [8, 4, 16, 8], "texture": "#1"},
				"west": {"uv": [8, 4, 16, 8], "texture": "#1"},
				"up": {"uv": [8, 4, 16, 8], "texture": "#1"},
				"down": {"uv": [8, 4, 16, 8], "texture": "#1"}
			}
		},
		{
			"from": [7.5, 9.5, 12.5],
			"to": [8.5, 11.25, 14.5],
			"faces": {
				"north": {"uv": [8, 4, 16, 8], "texture": "#1"},
				"east": {"uv": [8, 4, 16, 8], "texture": "#1"},
				"south": {"uv": [8, 4, 16, 8], "texture": "#1"},
				"west": {"uv": [8, 4, 16, 8], "texture": "#1"},
				"up": {"uv": [8, 4, 16, 8], "texture": "#1"},
				"down": {"uv": [8, 4, 16, 8], "texture": "#1"}
			}
		},
		{
			"from": [7.25, 9.5, 14.5],
			"to": [8.75, 11.25, 18.5],
			"faces": {
				"north": {"uv": [8, 4, 16, 8], "texture": "#1"},
				"east": {"uv": [8, 4, 16, 8], "texture": "#1"},
				"south": {"uv": [8, 4, 16, 8], "texture": "#1"},
				"west": {"uv": [8, 4, 16, 8], "texture": "#1"},
				"up": {"uv": [8, 4, 16, 8], "texture": "#1"},
				"down": {"uv": [8, 4, 16, 8], "texture": "#1"}
			}
		},
		{
			"from": [7.5, 12.75, 14.75],
			"to": [8.5, 13.25, 18.5],
			"faces": {
				"north": {"uv": [8, 4, 16, 8], "texture": "#1"},
				"east": {"uv": [8, 4, 16, 8], "texture": "#1"},
				"south": {"uv": [8, 4, 16, 8], "texture": "#1"},
				"west": {"uv": [8, 4, 16, 8], "texture": "#1"},
				"up": {"uv": [8, 4, 16, 8], "texture": "#1"},
				"down": {"uv": [8, 4, 16, 8], "texture": "#1"}
			}
		},
		{
			"from": [7.25, 11.25, 6.5],
			"to": [8.75, 12.75, 18.5],
			"faces": {
				"north": {"uv": [8, 4, 16, 8], "texture": "#1"},
				"east": {"uv": [8, 4, 16, 8], "texture": "#1"},
				"south": {"uv": [8, 4, 16, 8], "texture": "#1"},
				"west": {"uv": [8, 4, 16, 8], "texture": "#1"},
				"up": {"uv": [8, 4, 16, 8], "texture": "#1"},
				"down": {"uv": [8, 4, 16, 8], "texture": "#1"}
			}
		},
		{
			"from": [7.75, 11.5, 1.5],
			"to": [8.25, 12.5, 6.5],
			"faces": {
				"north": {"uv": [8, 4, 16, 8], "rotation": 90, "texture": "#1"},
				"east": {"uv": [8, 4, 16, 8], "rotation": 90, "texture": "#1"},
				"south": {"uv": [8, 4, 16, 8], "rotation": 90, "texture": "#1"},
				"west": {"uv": [8, 4, 16, 8], "rotation": 90, "texture": "#1"},
				"up": {"uv": [8, 4, 16, 8], "rotation": 90, "texture": "#1"},
				"down": {"uv": [8, 4, 16, 8], "rotation": 90, "texture": "#1"}
			}
		},
		{
			"from": [7.5, 11.75, 1.5],
			"to": [8.5, 12.25, 6.5],
			"rotation": {"angle": -45, "axis": "z", "origin": [8, 12, 4]},
			"faces": {
				"north": {"uv": [8, 4, 16, 8], "texture": "#1"},
				"east": {"uv": [8, 4, 16, 8], "texture": "#1"},
				"south": {"uv": [8, 4, 16, 8], "texture": "#1"},
				"west": {"uv": [8, 4, 16, 8], "texture": "#1"},
				"up": {"uv": [8, 4, 16, 8], "texture": "#1"},
				"down": {"uv": [8, 4, 16, 8], "texture": "#1"}
			}
		},
		{
			"from": [7.5, 11.75, 1.5],
			"to": [8.5, 12.25, 6.5],
			"rotation": {"angle": 45, "axis": "z", "origin": [8, 12, 4]},
			"faces": {
				"north": {"uv": [8, 4, 16, 8], "texture": "#1"},
				"east": {"uv": [8, 4, 16, 8], "texture": "#1"},
				"south": {"uv": [8, 4, 16, 8], "texture": "#1"},
				"west": {"uv": [8, 4, 16, 8], "texture": "#1"},
				"up": {"uv": [8, 4, 16, 8], "texture": "#1"},
				"down": {"uv": [8, 4, 16, 8], "texture": "#1"}
			}
		},
		{
			"from": [7.5, 11.75, 1.5],
			"to": [8.5, 12.25, 6.5],
			"faces": {
				"north": {"uv": [8, 4, 16, 8], "texture": "#1"},
				"east": {"uv": [8, 4, 16, 8], "texture": "#1"},
				"south": {"uv": [8, 4, 16, 8], "texture": "#1"},
				"west": {"uv": [8, 4, 16, 8], "texture": "#1"},
				"up": {"uv": [8, 4, 16, 8], "texture": "#1"},
				"down": {"uv": [8, 4, 16, 8], "texture": "#1"}
			}
		},
		{
			"from": [7.25, 12, 9],
			"to": [7.5, 13.5, 9.75],
			"faces": {
				"north": {"uv": [8, 4, 16, 8], "texture": "#1"},
				"east": {"uv": [8, 4, 16, 8], "texture": "#1"},
				"south": {"uv": [8, 4, 16, 8], "texture": "#1"},
				"west": {"uv": [8, 4, 16, 8], "texture": "#1"},
				"up": {"uv": [8, 4, 16, 8], "texture": "#1"},
				"down": {"uv": [8, 4, 16, 8], "texture": "#1"}
			}
		},
		{
			"from": [8.5, 12, 9],
			"to": [8.75, 13.5, 9.75],
			"faces": {
				"north": {"uv": [8, 4, 16, 8], "texture": "#1"},
				"east": {"uv": [8, 4, 16, 8], "texture": "#1"},
				"south": {"uv": [8, 4, 16, 8], "texture": "#1"},
				"west": {"uv": [8, 4, 16, 8], "texture": "#1"},
				"up": {"uv": [8, 4, 16, 8], "texture": "#1"},
				"down": {"uv": [8, 4, 16, 8], "texture": "#1"}
			}
		}
	],
	"display": {
		"thirdperson": {
			"rotation": [90, -90, 90],
			"translation": [0, 0, 2],
			"scale": [1, 1.2, 1.2]
		},
		"firstperson": {
			"rotation": [0, -60, 0],
			"translation": [-5, 4,0],
			"scale": [1.2,1.2,1.8]
		},
		"gui": {
			"rotation": [0, 133, 0]
		},
		"fixed": {
			"rotation": [-89, 130, 96],
			"translation": [2.25, -0.5, -0.5]
		}
	},
	"groups": [0, 1, 2, 3, 4, 5, 6, 7, 8, 9, 10, 11, 12, 13, 14, 15,
		{
			"name": "group",
			"origin": [8, 8, 8],
			"children": [16, 17, 18, 19]
		}, 20, 21]
}