{
	"credit": "Made with Blockbench",
	"textures": {
		"0": "items/rgbsheet1",
		"1": "items/texturedmaterials1",
		"particle": "items/rgbsheet1"
	},
	"elements": [
		{
			"from": [-1.8125, 9.5625, 2],
			"to": [1.0625, 10.0625, 2.5625],
			"faces": {
				"north": {"uv": [8, 4, 16, 8], "texture": "#1"},
				"east": {"uv": [8, 4, 16, 8], "texture": "#1"},
				"south": {"uv": [8, 4, 16, 8], "texture": "#1"},
				"west": {"uv": [8, 4, 16, 8], "texture": "#1"},
				"up": {"uv": [8, 4, 16, 8], "texture": "#1"},
				"down": {"uv": [8, 4, 16, 8], "texture": "#1"}
			}
		},
		{
			"from": [-0.1875, 9.7812, 2],
			"to": [0.28125, 11.18745, 2.75],
			"faces": {
				"north": {"uv": [8, 4, 16, 8], "texture": "#1"},
				"east": {"uv": [8, 4, 16, 8], "texture": "#1"},
				"south": {"uv": [8, 4, 16, 8], "texture": "#1"},
				"west": {"uv": [8, 4, 16, 8], "texture": "#1"},
				"up": {"uv": [8, 4, 16, 8], "texture": "#1"},
				"down": {"uv": [8, 4, 16, 8], "texture": "#1"}
			}
		},
		{
			"from": [0.3125, 9.75, 2],
			"to": [0.6875, 11.0625, 2.75],
			"rotation": {"angle": 22.5, "axis": "z", "origin": [0.3125, 11.0625, 2]},
			"faces": {
				"north": {"uv": [8, 4, 16, 8], "texture": "#1"},
				"east": {"uv": [8, 4, 16, 8], "texture": "#1"},
				"south": {"uv": [8, 4, 16, 8], "texture": "#1"},
				"west": {"uv": [8, 4, 16, 8], "texture": "#1"},
				"up": {"uv": [8, 4, 16, 8], "texture": "#1"},
				"down": {"uv": [8, 4, 16, 8], "texture": "#1"}
			}
		},
		{
			"from": [-0.125, 10.7188, 2],
			"to": [0.71875, 11.1875, 2.75],
			"faces": {
				"north": {"uv": [8, 4, 16, 8], "texture": "#1"},
				"east": {"uv": [8, 4, 16, 8], "texture": "#1"},
				"south": {"uv": [8, 4, 16, 8], "texture": "#1"},
				"west": {"uv": [8, 4, 16, 8], "texture": "#1"},
				"up": {"uv": [8, 4, 16, 8], "texture": "#1"},
				"down": {"uv": [8, 4, 16, 8], "texture": "#1"}
			}
		},
		{
			"from": [1.4375, 9.125, 1.625],
			"to": [5.375, 10.4375, 3.0625],
			"faces": {
				"north": {"uv": [8, 4, 16, 8], "texture": "#1"},
				"east": {"uv": [8, 4, 16, 8], "texture": "#1"},
				"south": {"uv": [8, 4, 16, 8], "texture": "#1"},
				"west": {"uv": [8, 4, 16, 8], "texture": "#1"},
				"up": {"uv": [8, 4, 16, 8], "texture": "#1"},
				"down": {"uv": [8, 4, 16, 8], "texture": "#1"}
			}
		},
		{
			"from": [2.5, 9, 1.4375],
			"to": [2.875, 10, 3.3125],
			"faces": {
				"north": {"uv": [8, 4, 16, 8], "texture": "#1"},
				"east": {"uv": [8, 4, 16, 8], "texture": "#1"},
				"south": {"uv": [8, 4, 16, 8], "texture": "#1"},
				"west": {"uv": [8, 4, 16, 8], "texture": "#1"},
				"up": {"uv": [8, 4, 16, 8], "texture": "#1"},
				"down": {"uv": [8, 4, 16, 8], "texture": "#1"}
			}
		},
		{
			"from": [2, 9, 1.4375],
			"to": [2.375, 10, 3.3125],
			"faces": {
				"north": {"uv": [8, 4, 16, 8], "texture": "#1"},
				"east": {"uv": [8, 4, 16, 8], "texture": "#1"},
				"south": {"uv": [8, 4, 16, 8], "texture": "#1"},
				"west": {"uv": [8, 4, 16, 8], "texture": "#1"},
				"up": {"uv": [8, 4, 16, 8], "texture": "#1"},
				"down": {"uv": [8, 4, 16, 8], "texture": "#1"}
			}
		},
		{
			"from": [1.5, 9, 1.4375],
			"to": [1.875, 10, 3.3125],
			"faces": {
				"north": {"uv": [8, 4, 16, 8], "texture": "#1"},
				"east": {"uv": [8, 4, 16, 8], "texture": "#1"},
				"south": {"uv": [8, 4, 16, 8], "texture": "#1"},
				"west": {"uv": [8, 4, 16, 8], "texture": "#1"},
				"up": {"uv": [8, 4, 16, 8], "texture": "#1"},
				"down": {"uv": [8, 4, 16, 8], "texture": "#1"}
			}
		},
		{
			"from": [1.5, 8.875, 1.8125],
			"to": [5.875, 10.5, 2.84375],
			"faces": {
				"north": {"uv": [8, 4, 16, 8], "texture": "#1"},
				"east": {"uv": [8, 4, 16, 8], "texture": "#1"},
				"south": {"uv": [8, 4, 16, 8], "texture": "#1"},
				"west": {"uv": [8, 4, 16, 8], "texture": "#1"},
				"up": {"uv": [8, 4, 16, 8], "texture": "#1"},
				"down": {"uv": [8, 4, 16, 8], "texture": "#1"}
			}
		},
		{
			"from": [6.375, 7.3125, 1.625],
			"to": [7.96875, 9, 3.03125],
			"faces": {
				"north": {"uv": [8, 4, 16, 8], "texture": "#1"},
				"east": {"uv": [8, 4, 16, 8], "texture": "#1"},
				"south": {"uv": [8, 4, 16, 8], "texture": "#1"},
				"west": {"uv": [8, 4, 16, 8], "texture": "#1"},
				"up": {"uv": [8, 4, 16, 8], "texture": "#1"},
				"down": {"uv": [8, 4, 16, 8], "texture": "#1"}
			}
		},
		{
			"from": [5.6875, 9, 1.625],
			"to": [7.3125, 9.875, 3.125],
			"rotation": {"angle": -22.5, "axis": "z", "origin": [5.6875, 9.875, 1.625]},
			"faces": {
				"north": {"uv": [8, 4, 16, 8], "texture": "#1"},
				"east": {"uv": [8, 4, 16, 8], "texture": "#1"},
				"south": {"uv": [8, 4, 16, 8], "texture": "#1"},
				"west": {"uv": [8, 4, 16, 8], "texture": "#1"},
				"up": {"uv": [8, 4, 16, 8], "texture": "#1"},
				"down": {"uv": [8, 4, 16, 8], "texture": "#1"}
			}
		},
		{
			"from": [7.9375, 7.5, 1.625],
			"to": [9.5625, 7.875, 3.125],
			"faces": {
				"north": {"uv": [8, 4, 16, 8], "texture": "#1"},
				"east": {"uv": [8, 4, 16, 8], "texture": "#1"},
				"south": {"uv": [8, 4, 16, 8], "texture": "#1"},
				"west": {"uv": [8, 4, 16, 8], "texture": "#1"},
				"up": {"uv": [8, 4, 16, 8], "texture": "#1"},
				"down": {"uv": [8, 4, 16, 8], "texture": "#1"}
			}
		},
		{
			"from": [8.375, 8.5, 1.625],
			"to": [9.3125, 9.25, 3.125],
			"faces": {
				"north": {"uv": [8, 4, 16, 8], "texture": "#1"},
				"east": {"uv": [8, 4, 16, 8], "texture": "#1"},
				"south": {"uv": [8, 4, 16, 8], "texture": "#1"},
				"west": {"uv": [8, 4, 16, 8], "texture": "#1"},
				"up": {"uv": [8, 4, 16, 8], "texture": "#1"},
				"down": {"uv": [8, 4, 16, 8], "texture": "#1"}
			}
		},
		{
			"from": [9.3125, 8.9688, 1.625],
			"to": [10.3438, 10.18755, 3.125],
			"faces": {
				"north": {"uv": [8, 4, 16, 8], "rotation": 180, "texture": "#1"},
				"east": {"uv": [8, 4, 16, 8], "rotation": 180, "texture": "#1"},
				"south": {"uv": [8, 4, 16, 8], "rotation": 180, "texture": "#1"},
				"west": {"uv": [8, 4, 16, 8], "rotation": 180, "texture": "#1"},
				"up": {"uv": [8, 4, 16, 8], "rotation": 180, "texture": "#1"},
				"down": {"uv": [8, 4, 16, 8], "rotation": 180, "texture": "#1"}
			}
		},
		{
			"from": [5.2812, 9.1562, 1.625],
			"to": [9.4062, 10.09375, 3.03125],
			"faces": {
				"north": {"uv": [8, 4, 16, 8], "texture": "#1"},
				"east": {"uv": [8, 4, 16, 8], "texture": "#1"},
				"south": {"uv": [8, 4, 16, 8], "texture": "#1"},
				"west": {"uv": [8, 4, 16, 8], "texture": "#1"},
				"up": {"uv": [8, 4, 16, 8], "texture": "#1"},
				"down": {"uv": [8, 4, 16, 8], "texture": "#1"}
			}
		},
		{
			"from": [5.9375, 10.0938, 1.9062],
			"to": [9.96875, 10.6563, 2.74995],
			"faces": {
				"north": {"uv": [8, 4, 16, 8], "texture": "#1"},
				"east": {"uv": [8, 4, 16, 8], "texture": "#1"},
				"south": {"uv": [8, 4, 16, 8], "texture": "#1"},
				"west": {"uv": [8, 4, 16, 8], "texture": "#1"},
				"up": {"uv": [8, 4, 16, 8], "texture": "#1"},
				"down": {"uv": [8, 4, 16, 8], "texture": "#1"}
			}
		},
		{
			"from": [5.9375, 10.6563, 1.9062],
			"to": [6.40625, 11.2188, 2.74995],
			"faces": {
				"north": {"uv": [8, 4, 16, 8], "texture": "#1"},
				"east": {"uv": [8, 4, 16, 8], "texture": "#1"},
				"south": {"uv": [8, 4, 16, 8], "texture": "#1"},
				"west": {"uv": [8, 4, 16, 8], "texture": "#1"},
				"up": {"uv": [8, 4, 16, 8], "texture": "#1"},
				"down": {"uv": [8, 4, 16, 8], "texture": "#1"}
			}
		},
		{
			"from": [6.3125, 11.2188, 1.9062],
			"to": [9.59375, 11.5938, 2.74995],
			"faces": {
				"north": {"uv": [8, 4, 16, 8], "texture": "#1"},
				"east": {"uv": [8, 4, 16, 8], "texture": "#1"},
				"south": {"uv": [8, 4, 16, 8], "texture": "#1"},
				"west": {"uv": [8, 4, 16, 8], "texture": "#1"},
				"up": {"uv": [8, 4, 16, 8], "texture": "#1"},
				"down": {"uv": [8, 4, 16, 8], "texture": "#1"}
			}
		},
		{
			"from": [9.3125, 10.6563, 1.9062],
			"to": [9.875, 11.2188, 2.74995],
			"faces": {
				"north": {"uv": [8, 4, 16, 8], "texture": "#1"},
				"east": {"uv": [8, 4, 16, 8], "texture": "#1"},
				"south": {"uv": [8, 4, 16, 8], "texture": "#1"},
				"west": {"uv": [8, 4, 16, 8], "texture": "#1"},
				"up": {"uv": [8, 4, 16, 8], "texture": "#1"},
				"down": {"uv": [8, 4, 16, 8], "texture": "#1"}
			}
		},
		{
			"from": [6.3125, 11.0313, 1.9062],
			"to": [6.6875, 11.5938, 2.74995],
			"rotation": {"angle": -45, "axis": "z", "origin": [6.3125, 11.5938, 1.90625]},
			"faces": {
				"north": {"uv": [8, 4, 16, 8], "texture": "#1"},
				"east": {"uv": [8, 4, 16, 8], "texture": "#1"},
				"south": {"uv": [8, 4, 16, 8], "texture": "#1"},
				"west": {"uv": [8, 4, 16, 8], "texture": "#1"},
				"up": {"uv": [8, 4, 16, 8], "texture": "#1"},
				"down": {"uv": [8, 4, 16, 8], "texture": "#1"}
			}
		},
		{
			"from": [9.2188, 10.8438, 1.9062],
			"to": [9.7813, 11.4063, 2.74995],
			"rotation": {"angle": 22.5, "axis": "z", "origin": [9.21875, 11.4063, 1.90625]},
			"faces": {
				"north": {"uv": [8, 4, 16, 8], "texture": "#1"},
				"east": {"uv": [8, 4, 16, 8], "texture": "#1"},
				"south": {"uv": [8, 4, 16, 8], "texture": "#1"},
				"west": {"uv": [8, 4, 16, 8], "texture": "#1"},
				"up": {"uv": [8, 4, 16, 8], "texture": "#1"},
				"down": {"uv": [8, 4, 16, 8], "texture": "#1"}
			}
		},
		{
			"from": [9.3125, 10.1875, 1.9062],
			"to": [10.3438, 10.6563, 2.74995],
			"faces": {
				"north": {"uv": [8, 4, 16, 8], "rotation": 180, "texture": "#1"},
				"east": {"uv": [8, 4, 16, 8], "rotation": 180, "texture": "#1"},
				"south": {"uv": [8, 4, 16, 8], "rotation": 180, "texture": "#1"},
				"west": {"uv": [8, 4, 16, 8], "rotation": 180, "texture": "#1"},
				"up": {"uv": [8, 4, 16, 8], "rotation": 180, "texture": "#1"},
				"down": {"uv": [8, 4, 16, 8], "rotation": 180, "texture": "#1"}
			}
		},
		{
			"from": [8.875, 8.3125, 1.625],
			"to": [10.125, 9.0625, 3.125],
			"rotation": {"angle": 22.5, "axis": "z", "origin": [8.875, 9.0625, 1.625]},
			"faces": {
				"north": {"uv": [8, 4, 16, 8], "texture": "#1"},
				"east": {"uv": [8, 4, 16, 8], "texture": "#1"},
				"south": {"uv": [8, 4, 16, 8], "texture": "#1"},
				"west": {"uv": [8, 4, 16, 8], "texture": "#1"},
				"up": {"uv": [8, 4, 16, 8], "texture": "#1"},
				"down": {"uv": [8, 4, 16, 8], "texture": "#1"}
			}
		},
		{
			"from": [9.0625, 5.625, 1.8125],
			"to": [10.0625, 8.75, 2.9375],
			"rotation": {"angle": 22.5, "axis": "z", "origin": [9.0625, 8.75, 1.8125]},
			"faces": {
				"north": {"uv": [8, 4, 16, 8], "texture": "#1"},
				"east": {"uv": [8, 4, 16, 8], "texture": "#1"},
				"south": {"uv": [8, 4, 16, 8], "texture": "#1"},
				"west": {"uv": [8, 4, 16, 8], "texture": "#1"},
				"up": {"uv": [8, 4, 16, 8], "texture": "#1"},
				"down": {"uv": [8, 4, 16, 8], "texture": "#1"}
			}
		},
		{
			"from": [9.875, 5.5625, 1.8125],
			"to": [11.25, 6, 2.9375],
			"rotation": {"angle": 22.5, "axis": "z", "origin": [9.875, 6, 1.8125]},
			"faces": {
				"north": {"uv": [8, 4, 16, 8], "texture": "#1"},
				"east": {"uv": [8, 4, 16, 8], "texture": "#1"},
				"south": {"uv": [8, 4, 16, 8], "texture": "#1"},
				"west": {"uv": [8, 4, 16, 8], "texture": "#1"},
				"up": {"uv": [8, 4, 16, 8], "texture": "#1"},
				"down": {"uv": [8, 4, 16, 8], "texture": "#1"}
			}
		},
		{
			"from": [10.0625, 9.1875, 1.8125],
			"to": [14.625, 10.25, 3.03125],
			"faces": {
				"north": {"uv": [8, 4, 16, 8], "texture": "#1"},
				"east": {"uv": [8, 4, 16, 8], "texture": "#1"},
				"south": {"uv": [8, 4, 16, 8], "texture": "#1"},
				"west": {"uv": [8, 4, 16, 8], "texture": "#1"},
				"up": {"uv": [8, 4, 16, 8], "texture": "#1"},
				"down": {"uv": [8, 4, 16, 8], "texture": "#1"}
			}
		},
		{
			"from": [11.625, 8.875, 1.8125],
			"to": [15.25, 9.625, 3.03125],
			"rotation": {"angle": -22.5, "axis": "z", "origin": [11.625, 9.625, 1.8125]},
			"faces": {
				"north": {"uv": [8, 4, 16, 8], "texture": "#1"},
				"east": {"uv": [8, 4, 16, 8], "texture": "#1"},
				"south": {"uv": [8, 4, 16, 8], "texture": "#1"},
				"west": {"uv": [8, 4, 16, 8], "texture": "#1"},
				"up": {"uv": [8, 4, 16, 8], "texture": "#1"},
				"down": {"uv": [8, 4, 16, 8], "texture": "#1"}
			}
		},
		{
			"from": [10.0313, 8.875, 1.8125],
			"to": [11.625, 9.625, 3.03125],
			"faces": {
				"north": {"uv": [8, 4, 16, 8], "texture": "#1"},
				"east": {"uv": [8, 4, 16, 8], "texture": "#1"},
				"south": {"uv": [8, 4, 16, 8], "texture": "#1"},
				"west": {"uv": [8, 4, 16, 8], "texture": "#1"},
				"up": {"uv": [8, 4, 16, 8], "texture": "#1"},
				"down": {"uv": [8, 4, 16, 8], "texture": "#1"}
			}
		},
		{
			"from": [12.3125, 9, 1.8125],
			"to": [15, 10, 3.03125],
			"rotation": {"angle": -22.5, "axis": "z", "origin": [12.3125, 10, 1.8125]},
			"faces": {
				"north": {"uv": [8, 4, 16, 8], "texture": "#1"},
				"east": {"uv": [8, 4, 16, 8], "texture": "#1"},
				"south": {"uv": [8, 4, 16, 8], "texture": "#1"},
				"west": {"uv": [8, 4, 16, 8], "texture": "#1"},
				"up": {"uv": [8, 4, 16, 8], "texture": "#1"},
				"down": {"uv": [8, 4, 16, 8], "texture": "#1"}
			}
		},
		{
			"from": [11.3125, 9.0938, 1.8125],
			"to": [13.0938, 9.75005, 3.03125],
			"rotation": {"angle": -22.5, "axis": "z", "origin": [11.3125, 9.75, 1.8125]},
			"faces": {
				"north": {"uv": [8, 4, 16, 8], "texture": "#1"},
				"east": {"uv": [8, 4, 16, 8], "texture": "#1"},
				"south": {"uv": [8, 4, 16, 8], "texture": "#1"},
				"west": {"uv": [8, 4, 16, 8], "texture": "#1"},
				"up": {"uv": [8, 4, 16, 8], "texture": "#1"},
				"down": {"uv": [8, 4, 16, 8], "texture": "#1"}
			}
		},
		{
			"from": [14.375, 7.375, 1.8125],
			"to": [14.9375, 10.375, 3.03125],
			"faces": {
				"north": {"uv": [8, 4, 16, 8], "texture": "#1"},
				"east": {"uv": [8, 4, 16, 8], "texture": "#1"},
				"south": {"uv": [8, 4, 16, 8], "texture": "#1"},
				"west": {"uv": [8, 4, 16, 8], "texture": "#1"},
				"up": {"uv": [8, 4, 16, 8], "texture": "#1"},
				"down": {"uv": [8, 4, 16, 8], "texture": "#1"}
			}
		},
		{
			"from": [10.125, 9.5, 1.625],
			"to": [14.625, 10, 3.21875],
			"faces": {
				"north": {"uv": [8, 4, 16, 8], "texture": "#1"},
				"east": {"uv": [8, 4, 16, 8], "texture": "#1"},
				"south": {"uv": [8, 4, 16, 8], "texture": "#1"},
				"west": {"uv": [8, 4, 16, 8], "texture": "#1"},
				"up": {"uv": [8, 4, 16, 8], "texture": "#1"},
				"down": {"uv": [8, 4, 16, 8], "texture": "#1"}
			}
		},
		{
			"from": [2.1875, 8.75, 1.625],
			"to": [3.75, 9.1875, 3.0625],
			"faces": {
				"north": {"uv": [8, 4, 16, 8], "texture": "#1"},
				"east": {"uv": [8, 4, 16, 8], "texture": "#1"},
				"south": {"uv": [8, 4, 16, 8], "texture": "#1"},
				"west": {"uv": [8, 4, 16, 8], "texture": "#1"},
				"up": {"uv": [8, 4, 16, 8], "texture": "#1"},
				"down": {"uv": [8, 4, 16, 8], "texture": "#1"}
			}
		},
		{
			"from": [1.4375, 9, 1.625],
			"to": [2.1875, 9.1875, 3.0625],
			"faces": {
				"north": {"uv": [6, 15, 7, 16], "texture": "#0"},
				"east": {"uv": [6, 15, 7, 16], "texture": "#0"},
				"south": {"uv": [6, 15, 7, 16], "texture": "#0"},
				"west": {"uv": [6, 15, 7, 16], "texture": "#0"},
				"up": {"uv": [6, 15, 7, 16], "texture": "#0"},
				"down": {"uv": [6, 15, 7, 16], "texture": "#0"}
			}
		},
		{
			"from": [1.5, 9.0625, 1.375],
			"to": [5.375, 9.3125, 3.25],
			"faces": {
				"north": {"uv": [8, 4, 16, 8], "texture": "#1"},
				"east": {"uv": [8, 4, 16, 8], "texture": "#1"},
				"south": {"uv": [8, 4, 16, 8], "texture": "#1"},
				"west": {"uv": [8, 4, 16, 8], "texture": "#1"},
				"up": {"uv": [8, 4, 16, 8], "texture": "#1"},
				"down": {"uv": [8, 4, 16, 8], "texture": "#1"}
			}
		},
		{
			"from": [3, 8.75, 1.3125],
			"to": [5.3125, 9.0625, 3.25],
			"faces": {
				"north": {"uv": [8, 4, 16, 8], "texture": "#1"},
				"east": {"uv": [8, 4, 16, 8], "texture": "#1"},
				"south": {"uv": [8, 4, 16, 8], "texture": "#1"},
				"west": {"uv": [8, 4, 16, 8], "texture": "#1"},
				"up": {"uv": [8, 4, 16, 8], "texture": "#1"},
				"down": {"uv": [8, 4, 16, 8], "texture": "#1"}
			}
		},
		{
			"from": [6.4375, 5.9375, 1.8125],
			"to": [7.875, 8.5625, 2.9375],
			"faces": {
				"north": {"uv": [4, 9, 7, 12], "texture": "#1"},
				"east": {"uv": [4, 9, 7, 12], "texture": "#1"},
				"south": {"uv": [4, 9, 7, 12], "texture": "#1"},
				"west": {"uv": [4, 9, 7, 12], "texture": "#1"},
				"up": {"uv": [4, 9, 7, 12], "texture": "#1"},
				"down": {"uv": [4, 9, 7, 12], "texture": "#1"}
			}
		},
		{
			"from": [6.6875, 8.5, 1.625],
			"to": [8.5625, 9.3125, 3.125],
			"faces": {
				"north": {"uv": [8, 4, 16, 8], "texture": "#1"},
				"east": {"uv": [8, 4, 16, 8], "texture": "#1"},
				"south": {"uv": [8, 4, 16, 8], "texture": "#1"},
				"west": {"uv": [8, 4, 16, 8], "texture": "#1"},
				"up": {"uv": [8, 4, 16, 8], "texture": "#1"},
				"down": {"uv": [8, 4, 16, 8], "texture": "#1"}
			}
		},
		{
			"from": [-3.4375, 9.4375, 2],
			"to": [-1.75, 10.1875, 2.5625],
			"faces": {
				"north": {"uv": [8, 4, 16, 8], "texture": "#1"},
				"east": {"uv": [8, 4, 16, 8], "texture": "#1"},
				"south": {"uv": [8, 4, 16, 8], "texture": "#1"},
				"west": {"uv": [8, 4, 16, 8], "texture": "#1"},
				"up": {"uv": [8, 4, 16, 8], "texture": "#1"},
				"down": {"uv": [8, 4, 16, 8], "texture": "#1"}
			}
		},
		{
			"from": [1.0625, 9.375, 1.625],
			"to": [1.5625, 10.375, 3.0625],
			"faces": {
				"north": {"uv": [8, 4, 16, 8], "texture": "#1"},
				"east": {"uv": [8, 4, 16, 8], "texture": "#1"},
				"south": {"uv": [8, 4, 16, 8], "texture": "#1"},
				"west": {"uv": [8, 4, 16, 8], "texture": "#1"},
				"up": {"uv": [8, 4, 16, 8], "texture": "#1"},
				"down": {"uv": [8, 4, 16, 8], "texture": "#1"}
			}
		},
		{
			"from": [1.0625, 9.4375, 1.4375],
			"to": [1.5625, 9.9375, 3.3125],
			"faces": {
				"north": {"uv": [8, 4, 16, 8], "texture": "#1"},
				"east": {"uv": [8, 4, 16, 8], "texture": "#1"},
				"south": {"uv": [8, 4, 16, 8], "texture": "#1"},
				"west": {"uv": [8, 4, 16, 8], "texture": "#1"},
				"up": {"uv": [8, 4, 16, 8], "texture": "#1"},
				"down": {"uv": [8, 4, 16, 8], "texture": "#1"}
			}
		},
		{
			"from": [3.5, 9, 1.4375],
			"to": [3.875, 10, 3.3125],
			"faces": {
				"north": {"uv": [8, 4, 16, 8], "texture": "#1"},
				"east": {"uv": [8, 4, 16, 8], "texture": "#1"},
				"south": {"uv": [8, 4, 16, 8], "texture": "#1"},
				"west": {"uv": [8, 4, 16, 8], "texture": "#1"},
				"up": {"uv": [8, 4, 16, 8], "texture": "#1"},
				"down": {"uv": [8, 4, 16, 8], "texture": "#1"}
			}
		},
		{
			"from": [3, 9, 1.4375],
			"to": [3.375, 10, 3.3125],
			"faces": {
				"north": {"uv": [8, 4, 16, 8], "texture": "#1"},
				"east": {"uv": [8, 4, 16, 8], "texture": "#1"},
				"south": {"uv": [8, 4, 16, 8], "texture": "#1"},
				"west": {"uv": [8, 4, 16, 8], "texture": "#1"},
				"up": {"uv": [8, 4, 16, 8], "texture": "#1"},
				"down": {"uv": [8, 4, 16, 8], "texture": "#1"}
			}
		},
		{
			"from": [5, 9, 1.4375],
			"to": [5.375, 10, 3.3125],
			"faces": {
				"north": {"uv": [8, 4, 16, 8], "texture": "#1"},
				"east": {"uv": [8, 4, 16, 8], "texture": "#1"},
				"south": {"uv": [8, 4, 16, 8], "texture": "#1"},
				"west": {"uv": [8, 4, 16, 8], "texture": "#1"},
				"up": {"uv": [8, 4, 16, 8], "texture": "#1"},
				"down": {"uv": [8, 4, 16, 8], "texture": "#1"}
			}
		},
		{
			"from": [4.5, 9, 1.4375],
			"to": [4.875, 10, 3.3125],
			"faces": {
				"north": {"uv": [8, 4, 16, 8], "texture": "#1"},
				"east": {"uv": [8, 4, 16, 8], "texture": "#1"},
				"south": {"uv": [8, 4, 16, 8], "texture": "#1"},
				"west": {"uv": [8, 4, 16, 8], "texture": "#1"},
				"up": {"uv": [8, 4, 16, 8], "texture": "#1"},
				"down": {"uv": [8, 4, 16, 8], "texture": "#1"}
			}
		},
		{
			"from": [4, 9, 1.4375],
			"to": [4.375, 10, 3.3125],
			"faces": {
				"north": {"uv": [8, 4, 16, 8], "texture": "#1"},
				"east": {"uv": [8, 4, 16, 8], "texture": "#1"},
				"south": {"uv": [8, 4, 16, 8], "texture": "#1"},
				"west": {"uv": [8, 4, 16, 8], "texture": "#1"},
				"up": {"uv": [8, 4, 16, 8], "texture": "#1"},
				"down": {"uv": [8, 4, 16, 8], "texture": "#1"}
			}
		}
	],
	"display": {
		"thirdperson": {
			"rotation": [-3, 90, -90],
			"translation": [4, 0, -1],
			"scale": [1, 1.2, 1.2]
		},
		"firstperson": {
			"rotation": [0, -140, 0],
			"translation": [-12, 7,-2.5],
			"scale": [1.2,1.2,1.8]
		},
		"ground": {
			"rotation": [0, 0, -30],
			"translation": [0, -1.89, 4.54],
			"scale": [0.7, 0.7, 0.7]
		},
		"gui": {
			"rotation": [-21, 140, -40],
			"translation": [0.94, -1.2, 0],
			"scale": [0.8, 0.8, 0.8]
		},
		"head": {
			"rotation": [0, 6, -43],
			"translation": [2.46, -21.54, 11.15],
			"scale": [2, 2, 2]
		},
		"fixed": {
			"rotation": [0, 0, -44],
			"translation": [0, -2, 2.4]
		}
	}
}