{
	"credit": "Made with Blockbench",
	"textures": {
		"0": "items/rgbsheet1",
		"1": "items/texturedmaterials1",
		"particle": "items/rgbsheet1"
	},
	"elements": [
		{
			"from": [5.75, 5, 4.0625],
			"to": [8.6875, 5.5, 4.9375],
			"faces": {
				"north": {"uv": [2, 5, 6, 8], "texture": "#1"},
				"east": {"uv": [2, 5, 6, 8], "texture": "#1"},
				"south": {"uv": [2, 5, 6, 8], "texture": "#1"},
				"west": {"uv": [2, 5, 6, 8], "texture": "#1"},
				"up": {"uv": [2, 5, 6, 8], "texture": "#1"},
				"down": {"uv": [2, 5, 6, 8], "texture": "#1"}
			}
		},
		{
			"from": [8.5, 5.6875, 4.6],
			"to": [8.6, 5.7875, 4.725],
			"faces": {
				"north": {"uv": [6, 15, 7, 16], "texture": "#0"},
				"east": {"uv": [6, 15, 7, 16], "texture": "#0"},
				"south": {"uv": [6, 15, 7, 16], "texture": "#0"},
				"west": {"uv": [6, 15, 7, 16], "texture": "#0"},
				"up": {"uv": [6, 15, 7, 16], "texture": "#0"},
				"down": {"uv": [6, 15, 7, 16], "texture": "#0"}
			}
		},
		{
			"from": [8.5, 5.6875, 4.3],
			"to": [8.6, 5.7875, 4.425],
			"faces": {
				"north": {"uv": [6, 15, 7, 16], "texture": "#0"},
				"east": {"uv": [6, 15, 7, 16], "texture": "#0"},
				"south": {"uv": [6, 15, 7, 16], "texture": "#0"},
				"west": {"uv": [6, 15, 7, 16], "texture": "#0"},
				"up": {"uv": [6, 15, 7, 16], "texture": "#0"},
				"down": {"uv": [6, 15, 7, 16], "texture": "#0"}
			}
		},
		{
			"from": [5.75, 5.4375, 4.1875],
			"to": [8.6875, 5.6875, 4.8125],
			"faces": {
				"north": {"uv": [2, 5, 6, 8], "texture": "#1"},
				"east": {"uv": [2, 5, 6, 8], "texture": "#1"},
				"south": {"uv": [2, 5, 6, 8], "texture": "#1"},
				"west": {"uv": [2, 5, 6, 8], "texture": "#1"},
				"up": {"uv": [2, 5, 6, 8], "texture": "#1"},
				"down": {"uv": [2, 5, 6, 8], "texture": "#1"}
			}
		},
		{
			"from": [5.8, 5.6875, 4.4],
			"to": [5.9875, 5.8375, 4.55],
			"faces": {
				"north": {"uv": [9, 5, 13, 8], "texture": "#1"},
				"east": {"uv": [9, 5, 13, 8], "texture": "#1"},
				"south": {"uv": [9, 5, 13, 8], "texture": "#1"},
				"west": {"uv": [9, 5, 13, 8], "texture": "#1"},
				"up": {"uv": [9, 5, 13, 8], "texture": "#1"},
				"down": {"uv": [9, 5, 13, 8], "texture": "#1"}
			}
		},
		{
			"from": [5.8125, 4.6875, 4.125],
			"to": [7.4375, 5, 4.875],
			"faces": {
				"north": {"uv": [2, 5, 6, 8], "texture": "#1"},
				"east": {"uv": [2, 5, 6, 8], "texture": "#1"},
				"south": {"uv": [2, 5, 6, 8], "texture": "#1"},
				"west": {"uv": [2, 5, 6, 8], "texture": "#1"},
				"up": {"uv": [2, 5, 6, 8], "texture": "#1"},
				"down": {"uv": [2, 5, 6, 8], "texture": "#1"}
			}
		},
		{
			"from": [7.375, 4.5625, 4.125],
			"to": [8.5, 5, 4.875],
			"faces": {
				"north": {"uv": [2, 5, 6, 8], "texture": "#1"},
				"east": {"uv": [2, 5, 6, 8], "texture": "#1"},
				"south": {"uv": [2, 5, 6, 8], "texture": "#1"},
				"west": {"uv": [2, 5, 6, 8], "texture": "#1"},
				"up": {"uv": [2, 5, 6, 8], "texture": "#1"},
				"down": {"uv": [2, 5, 6, 8], "texture": "#1"}
			}
		},
		{
			"from": [7.75, 2.625, 4.25],
			"to": [8.5, 4.625, 4.75],
			"rotation": {"angle": 22.5, "axis": "z", "origin": [6.75, 4.625, 4.25]},
			"faces": {
				"north": {"uv": [10, 5, 14, 8], "texture": "#1"},
				"east": {"uv": [10, 5, 14, 8], "texture": "#1"},
				"south": {"uv": [10, 5, 14, 8], "texture": "#1"},
				"west": {"uv": [10, 5, 14, 8], "texture": "#1"},
				"up": {"uv": [10, 5, 14, 8], "texture": "#1"},
				"down": {"uv": [10, 5, 14, 8], "texture": "#1"}
			}
		},
		{
			"from": [8.4375, 4.8125, 4.125],
			"to": [9, 5.3125, 4.875],
			"rotation": {"angle": -45, "axis": "z", "origin": [7.4375, 5.3125, 4.125]},
			"faces": {
				"north": {"uv": [10, 6, 12, 8], "texture": "#1"},
				"east": {"uv": [10, 6, 12, 8], "texture": "#1"},
				"south": {"uv": [10, 6, 12, 8], "texture": "#1"},
				"west": {"uv": [10, 6, 12, 8], "texture": "#1"},
				"up": {"uv": [10, 6, 12, 8], "texture": "#1"},
				"down": {"uv": [10, 6, 12, 8], "texture": "#1"}
			}
		},
		{
			"from": [7.1875, 4.125, 4.375],
			"to": [7.9375, 4.25, 4.625],
			"faces": {
				"north": {"uv": [2, 5, 6, 8], "texture": "#1"},
				"east": {"uv": [2, 5, 6, 8], "texture": "#1"},
				"south": {"uv": [2, 5, 6, 8], "texture": "#1"},
				"west": {"uv": [2, 5, 6, 8], "texture": "#1"},
				"up": {"uv": [2, 5, 6, 8], "texture": "#1"},
				"down": {"uv": [2, 5, 6, 8], "texture": "#1"}
			}
		},
		{
			"from": [7.1875, 4.25, 4.375],
			"to": [7.3125, 4.75, 4.625],
			"faces": {
				"north": {"uv": [2, 5, 6, 8], "texture": "#1"},
				"east": {"uv": [2, 5, 6, 8], "texture": "#1"},
				"south": {"uv": [2, 5, 6, 8], "texture": "#1"},
				"west": {"uv": [2, 5, 6, 8], "texture": "#1"},
				"up": {"uv": [2, 5, 6, 8], "texture": "#1"},
				"down": {"uv": [2, 5, 6, 8], "texture": "#1"}
			}
		},
		{
			"from": [8.4375, 4.9375, 4.1875],
			"to": [8.6875, 5.4375, 4.8125],
			"rotation": {"angle": 22.5, "axis": "z", "origin": [7.4375, 5.4375, 4.1875]},
			"faces": {
				"north": {"uv": [2, 5, 6, 8], "texture": "#1"},
				"east": {"uv": [2, 5, 6, 8], "texture": "#1"},
				"south": {"uv": [2, 5, 6, 8], "texture": "#1"},
				"west": {"uv": [2, 5, 6, 8], "texture": "#1"},
				"up": {"uv": [2, 5, 6, 8], "texture": "#1"},
				"down": {"uv": [2, 5, 6, 8], "texture": "#1"}
			}
		},
		{
			"from": [8.3125, 4.9375, 4.125],
			"to": [8.875, 5.125, 4.875],
			"faces": {
				"north": {"uv": [2, 5, 6, 8], "texture": "#1"},
				"east": {"uv": [2, 5, 6, 8], "texture": "#1"},
				"south": {"uv": [2, 5, 6, 8], "texture": "#1"},
				"west": {"uv": [2, 5, 6, 8], "texture": "#1"},
				"up": {"uv": [2, 5, 6, 8], "texture": "#1"},
				"down": {"uv": [2, 5, 6, 8], "texture": "#1"}
			}
		}
	],
	"display": {
		"thirdperson": {
			"rotation": [-3, 90, -90],
			"translation": [2, 0, -4],
			"scale": [2, 2, 2]
		},
		"firstperson": {
			"rotation": [0, -140, 0],
			"translation": [-15, 12,-1],
			"scale": [2,2,2]
		},
		"ground": {
			"rotation": [0, 0, -30],
			"translation": [0, -1.89, 4.54],
			"scale": [3,3,3]
		},
		"gui": {
			"rotation": [-21, 140, -40],
			"translation": [0.94, -1.2, 0],
			"scale": [1.6, 1.6, 1.6]
		},
		"head": {
			"rotation": [0, 6, -43],
			"translation": [2.46, -21.54, 11.15],
			"scale": [2, 2, 2]
		},
		"fixed": {
			"rotation": [0, 0, -44],
			"translation": [0, -2, 2.4]
		}
	}
}