{
	"credit": "Made with Blockbench",
	"textures": {
		"0": "items/rgbsheet1",
		"particle": "items/rgbsheet1"
	},
	"elements": [
		{
			"from": [-4.8125, 9.5625, 2],
			"to": [-1.9375, 10.0625, 2.5625],
			"faces": {
				"north": {"uv": [7, 15, 8, 16], "texture": "#0"},
				"east": {"uv": [7, 15, 8, 16], "texture": "#0"},
				"south": {"uv": [7, 15, 8, 16], "texture": "#0"},
				"west": {"uv": [7, 15, 8, 16], "texture": "#0"},
				"up": {"uv": [7, 15, 8, 16], "texture": "#0"},
				"down": {"uv": [7, 15, 8, 16], "texture": "#0"}
			}
		},
		{
			"from": [-1.5625, 9.125, 1.625],
			"to": [6.375, 10.4375, 3.0625],
			"faces": {
				"north": {"uv": [7, 15, 8, 16], "texture": "#0"},
				"east": {"uv": [7, 15, 8, 16], "texture": "#0"},
				"south": {"uv": [7, 15, 8, 16], "texture": "#0"},
				"west": {"uv": [7, 15, 8, 16], "texture": "#0"},
				"up": {"uv": [7, 15, 8, 16], "texture": "#0"},
				"down": {"uv": [7, 15, 8, 16], "texture": "#0"}
			}
		},
		{
			"from": [-1.5, 9, 1.4375],
			"to": [6.375, 10, 3.3125],
			"faces": {
				"north": {"uv": [7, 15, 8, 16], "texture": "#0"},
				"east": {"uv": [7, 15, 8, 16], "texture": "#0"},
				"south": {"uv": [7, 15, 8, 16], "texture": "#0"},
				"west": {"uv": [7, 15, 8, 16], "texture": "#0"},
				"up": {"uv": [7, 15, 8, 16], "texture": "#0"},
				"down": {"uv": [7, 15, 8, 16], "texture": "#0"}
			}
		},
		{
			"from": [-1.5, 8.875, 1.8125],
			"to": [5.875, 10.5, 2.84375],
			"faces": {
				"north": {"uv": [7, 15, 8, 16], "texture": "#0"},
				"east": {"uv": [7, 15, 8, 16], "texture": "#0"},
				"south": {"uv": [7, 15, 8, 16], "texture": "#0"},
				"west": {"uv": [7, 15, 8, 16], "texture": "#0"},
				"up": {"uv": [7, 15, 8, 16], "texture": "#0"},
				"down": {"uv": [7, 15, 8, 16], "texture": "#0"}
			}
		},
		{
			"from": [6.375, 7.3125, 1.625],
			"to": [7.96875, 9, 3.03125],
			"faces": {
				"north": {"uv": [7, 15, 8, 16], "texture": "#0"},
				"east": {"uv": [7, 15, 8, 16], "texture": "#0"},
				"south": {"uv": [7, 15, 8, 16], "texture": "#0"},
				"west": {"uv": [7, 15, 8, 16], "texture": "#0"},
				"up": {"uv": [7, 15, 8, 16], "texture": "#0"},
				"down": {"uv": [7, 15, 8, 16], "texture": "#0"}
			}
		},
		{
			"from": [5.6875, 9, 1.625],
			"to": [7.3125, 9.875, 3.125],
			"rotation": {"angle": -22.5, "axis": "z", "origin": [5.6875, 9.875, 1.625]},
			"faces": {
				"north": {"uv": [7, 15, 8, 16], "texture": "#0"},
				"east": {"uv": [7, 15, 8, 16], "texture": "#0"},
				"south": {"uv": [7, 15, 8, 16], "texture": "#0"},
				"west": {"uv": [7, 15, 8, 16], "texture": "#0"},
				"up": {"uv": [7, 15, 8, 16], "texture": "#0"},
				"down": {"uv": [7, 15, 8, 16], "texture": "#0"}
			}
		},
		{
			"from": [7.9375, 7.5, 1.625],
			"to": [9.5625, 7.875, 3.125],
			"faces": {
				"north": {"uv": [7, 15, 8, 16], "texture": "#0"},
				"east": {"uv": [7, 15, 8, 16], "texture": "#0"},
				"south": {"uv": [7, 15, 8, 16], "texture": "#0"},
				"west": {"uv": [7, 15, 8, 16], "texture": "#0"},
				"up": {"uv": [7, 15, 8, 16], "texture": "#0"},
				"down": {"uv": [7, 15, 8, 16], "texture": "#0"}
			}
		},
		{
			"from": [8.375, 8.5, 1.625],
			"to": [9.3125, 9.25, 3.125],
			"faces": {
				"north": {"uv": [7, 15, 8, 16], "texture": "#0"},
				"east": {"uv": [7, 15, 8, 16], "texture": "#0"},
				"south": {"uv": [7, 15, 8, 16], "texture": "#0"},
				"west": {"uv": [7, 15, 8, 16], "texture": "#0"},
				"up": {"uv": [7, 15, 8, 16], "texture": "#0"},
				"down": {"uv": [7, 15, 8, 16], "texture": "#0"}
			}
		},
		{
			"from": [9.3125, 8.9688, 1.625],
			"to": [10.3438, 10.18755, 3.125],
			"faces": {
				"north": {"uv": [7, 15, 8, 16], "texture": "#0"},
				"east": {"uv": [7, 15, 8, 16], "texture": "#0"},
				"south": {"uv": [7, 15, 8, 16], "rotation": 180, "texture": "#0"},
				"west": {"uv": [7, 15, 8, 16], "texture": "#0"},
				"up": {"uv": [7, 15, 8, 16], "texture": "#0"},
				"down": {"uv": [7, 15, 8, 16], "texture": "#0"}
			}
		},
		{
			"from": [5.2812, 9.1562, 1.625],
			"to": [9.4062, 10.09375, 3.03125],
			"faces": {
				"north": {"uv": [7, 15, 8, 16], "texture": "#0"},
				"east": {"uv": [7, 15, 8, 16], "texture": "#0"},
				"south": {"uv": [7, 15, 8, 16], "texture": "#0"},
				"west": {"uv": [7, 15, 8, 16], "texture": "#0"},
				"up": {"uv": [7, 15, 8, 16], "texture": "#0"},
				"down": {"uv": [7, 15, 8, 16], "texture": "#0"}
			}
		},
		{
			"from": [9.3125, 10.1875, 1.9062],
			"to": [10.3438, 10.6563, 2.74995],
			"faces": {
				"north": {"uv": [7, 15, 8, 16], "texture": "#0"},
				"east": {"uv": [7, 15, 8, 16], "texture": "#0"},
				"south": {"uv": [7, 15, 8, 16], "rotation": 180, "texture": "#0"},
				"west": {"uv": [7, 15, 8, 16], "texture": "#0"},
				"up": {"uv": [7, 15, 8, 16], "texture": "#0"},
				"down": {"uv": [7, 15, 8, 16], "texture": "#0"}
			}
		},
		{
			"from": [8.875, 8.3125, 1.625],
			"to": [10.125, 9.0625, 3.125],
			"rotation": {"angle": 22.5, "axis": "z", "origin": [8.875, 9.0625, 1.625]},
			"faces": {
				"north": {"uv": [7, 15, 8, 16], "texture": "#0"},
				"east": {"uv": [7, 15, 8, 16], "texture": "#0"},
				"south": {"uv": [7, 15, 8, 16], "texture": "#0"},
				"west": {"uv": [7, 15, 8, 16], "texture": "#0"},
				"up": {"uv": [7, 15, 8, 16], "texture": "#0"},
				"down": {"uv": [7, 15, 8, 16], "texture": "#0"}
			}
		},
		{
			"from": [9.0625, 5.625, 1.8125],
			"to": [10.0625, 8.75, 2.9375],
			"rotation": {"angle": 22.5, "axis": "z", "origin": [9.0625, 8.75, 1.8125]},
			"faces": {
				"north": {"uv": [7, 15, 8, 16], "texture": "#0"},
				"east": {"uv": [7, 15, 8, 16], "texture": "#0"},
				"south": {"uv": [7, 15, 8, 16], "texture": "#0"},
				"west": {"uv": [7, 15, 8, 16], "texture": "#0"},
				"up": {"uv": [7, 15, 8, 16], "texture": "#0"},
				"down": {"uv": [7, 15, 8, 16], "texture": "#0"}
			}
		},
		{
			"from": [9.875, 5.5625, 1.8125],
			"to": [11.25, 6, 2.9375],
			"rotation": {"angle": 22.5, "axis": "z", "origin": [9.875, 6, 1.8125]},
			"faces": {
				"north": {"uv": [7, 15, 8, 16], "texture": "#0"},
				"east": {"uv": [7, 15, 8, 16], "texture": "#0"},
				"south": {"uv": [7, 15, 8, 16], "texture": "#0"},
				"west": {"uv": [7, 15, 8, 16], "texture": "#0"},
				"up": {"uv": [7, 15, 8, 16], "texture": "#0"},
				"down": {"uv": [7, 15, 8, 16], "texture": "#0"}
			}
		},
		{
			"from": [10.0625, 9.1875, 1.8125],
			"to": [14.625, 10.25, 3.03125],
			"faces": {
				"north": {"uv": [7, 15, 8, 16], "texture": "#0"},
				"east": {"uv": [7, 15, 8, 16], "texture": "#0"},
				"south": {"uv": [7, 15, 8, 16], "texture": "#0"},
				"west": {"uv": [7, 15, 8, 16], "texture": "#0"},
				"up": {"uv": [7, 15, 8, 16], "texture": "#0"},
				"down": {"uv": [7, 15, 8, 16], "texture": "#0"}
			}
		},
		{
			"from": [11.625, 8.875, 1.8125],
			"to": [15.25, 9.625, 3.03125],
			"rotation": {"angle": -22.5, "axis": "z", "origin": [11.625, 9.625, 1.8125]},
			"faces": {
				"north": {"uv": [7, 15, 8, 16], "texture": "#0"},
				"east": {"uv": [7, 15, 8, 16], "texture": "#0"},
				"south": {"uv": [7, 15, 8, 16], "texture": "#0"},
				"west": {"uv": [7, 15, 8, 16], "texture": "#0"},
				"up": {"uv": [7, 15, 8, 16], "texture": "#0"},
				"down": {"uv": [7, 15, 8, 16], "texture": "#0"}
			}
		},
		{
			"from": [10.0313, 8.875, 1.8125],
			"to": [11.625, 9.625, 3.03125],
			"faces": {
				"north": {"uv": [7, 15, 8, 16], "texture": "#0"},
				"east": {"uv": [7, 15, 8, 16], "texture": "#0"},
				"south": {"uv": [7, 15, 8, 16], "texture": "#0"},
				"west": {"uv": [7, 15, 8, 16], "texture": "#0"},
				"up": {"uv": [7, 15, 8, 16], "texture": "#0"},
				"down": {"uv": [7, 15, 8, 16], "texture": "#0"}
			}
		},
		{
			"from": [11.3125, 9.0938, 1.8125],
			"to": [13.0938, 9.75005, 3.03125],
			"rotation": {"angle": -22.5, "axis": "z", "origin": [11.3125, 9.75, 1.8125]},
			"faces": {
				"north": {"uv": [7, 15, 8, 16], "texture": "#0"},
				"east": {"uv": [7, 15, 8, 16], "texture": "#0"},
				"south": {"uv": [7, 15, 8, 16], "texture": "#0"},
				"west": {"uv": [7, 15, 8, 16], "texture": "#0"},
				"up": {"uv": [7, 15, 8, 16], "texture": "#0"},
				"down": {"uv": [7, 15, 8, 16], "texture": "#0"}
			}
		},
		{
			"from": [14.375, 7.375, 1.8125],
			"to": [14.9375, 10.375, 3.03125],
			"faces": {
				"north": {"uv": [7, 15, 8, 16], "texture": "#0"},
				"east": {"uv": [7, 15, 8, 16], "texture": "#0"},
				"south": {"uv": [7, 15, 8, 16], "texture": "#0"},
				"west": {"uv": [7, 15, 8, 16], "texture": "#0"},
				"up": {"uv": [7, 15, 8, 16], "texture": "#0"},
				"down": {"uv": [7, 15, 8, 16], "texture": "#0"}
			}
		},
		{
			"from": [10.125, 9.5, 1.625],
			"to": [14.625, 10, 3.21875],
			"faces": {
				"north": {"uv": [7, 15, 8, 16], "texture": "#0"},
				"east": {"uv": [7, 15, 8, 16], "texture": "#0"},
				"south": {"uv": [7, 15, 8, 16], "texture": "#0"},
				"west": {"uv": [7, 15, 8, 16], "texture": "#0"},
				"up": {"uv": [7, 15, 8, 16], "texture": "#0"},
				"down": {"uv": [7, 15, 8, 16], "texture": "#0"}
			}
		},
		{
			"from": [-0.8125, 8.75, 1.625],
			"to": [0.75, 9.1875, 3.0625],
			"faces": {
				"north": {"uv": [7, 15, 8, 16], "texture": "#0"},
				"east": {"uv": [7, 15, 8, 16], "texture": "#0"},
				"south": {"uv": [7, 15, 8, 16], "texture": "#0"},
				"west": {"uv": [7, 15, 8, 16], "texture": "#0"},
				"up": {"uv": [7, 15, 8, 16], "texture": "#0"},
				"down": {"uv": [7, 15, 8, 16], "texture": "#0"}
			}
		},
		{
			"from": [1.4375, 9, 1.625],
			"to": [2.1875, 9.1875, 3.0625],
			"faces": {
				"north": {"uv": [7, 15, 8, 16], "texture": "#0"},
				"east": {"uv": [7, 15, 8, 16], "texture": "#0"},
				"south": {"uv": [7, 15, 8, 16], "texture": "#0"},
				"west": {"uv": [7, 15, 8, 16], "texture": "#0"},
				"up": {"uv": [7, 15, 8, 16], "texture": "#0"},
				"down": {"uv": [7, 15, 8, 16], "texture": "#0"}
			}
		},
		{
			"from": [-1.5, 9.0625, 1.375],
			"to": [2.375, 9.3125, 3.25],
			"faces": {
				"north": {"uv": [7, 15, 8, 16], "texture": "#0"},
				"east": {"uv": [7, 15, 8, 16], "texture": "#0"},
				"south": {"uv": [7, 15, 8, 16], "texture": "#0"},
				"west": {"uv": [7, 15, 8, 16], "texture": "#0"},
				"up": {"uv": [7, 15, 8, 16], "texture": "#0"},
				"down": {"uv": [7, 15, 8, 16], "texture": "#0"}
			}
		},
		{
			"from": [0, 8.75, 1.3125],
			"to": [7.3125, 9.0625, 3.25],
			"faces": {
				"north": {"uv": [7, 15, 8, 16], "texture": "#0"},
				"east": {"uv": [7, 15, 8, 16], "texture": "#0"},
				"south": {"uv": [7, 15, 8, 16], "texture": "#0"},
				"west": {"uv": [7, 15, 8, 16], "texture": "#0"},
				"up": {"uv": [7, 15, 8, 16], "texture": "#0"},
				"down": {"uv": [7, 15, 8, 16], "texture": "#0"}
			}
		},
		{
			"from": [6.6875, 8.5, 1.625],
			"to": [8.5625, 9.3125, 3.125],
			"faces": {
				"north": {"uv": [7, 15, 8, 16], "texture": "#0"},
				"east": {"uv": [7, 15, 8, 16], "texture": "#0"},
				"south": {"uv": [7, 15, 8, 16], "texture": "#0"},
				"west": {"uv": [7, 15, 8, 16], "texture": "#0"},
				"up": {"uv": [7, 15, 8, 16], "texture": "#0"},
				"down": {"uv": [7, 15, 8, 16], "texture": "#0"}
			}
		},
		{
			"from": [-5, 10.1875, 2],
			"to": [-4.75, 11.1875, 2.5625],
			"faces": {
				"north": {"uv": [8, 15, 9, 16], "texture": "#0"},
				"east": {"uv": [8, 15, 9, 16], "texture": "#0"},
				"south": {"uv": [8, 15, 9, 16], "texture": "#0"},
				"west": {"uv": [8, 15, 9, 16], "texture": "#0"},
				"up": {"uv": [8, 15, 9, 16], "texture": "#0"},
				"down": {"uv": [8, 15, 9, 16], "texture": "#0"}
			}
		},
		{
			"from": [-6.4375, 9.4375, 2],
			"to": [-4.75, 10.1875, 2.5625],
			"faces": {
				"north": {"uv": [7, 15, 8, 16], "texture": "#0"},
				"east": {"uv": [7, 15, 8, 16], "texture": "#0"},
				"south": {"uv": [7, 15, 8, 16], "texture": "#0"},
				"west": {"uv": [7, 15, 8, 16], "texture": "#0"},
				"up": {"uv": [7, 15, 8, 16], "texture": "#0"},
				"down": {"uv": [7, 15, 8, 16], "texture": "#0"}
			}
		},
		{
			"from": [-1.9375, 9.375, 1.625],
			"to": [-1.4375, 10.375, 3.0625],
			"faces": {
				"north": {"uv": [7, 15, 8, 16], "texture": "#0"},
				"east": {"uv": [7, 15, 8, 16], "texture": "#0"},
				"south": {"uv": [7, 15, 8, 16], "texture": "#0"},
				"west": {"uv": [7, 15, 8, 16], "texture": "#0"},
				"up": {"uv": [7, 15, 8, 16], "texture": "#0"},
				"down": {"uv": [7, 15, 8, 16], "texture": "#0"}
			}
		},
		{
			"from": [-1.9375, 9.4375, 1.4375],
			"to": [-1.4375, 9.9375, 3.3125],
			"faces": {
				"north": {"uv": [7, 15, 8, 16], "texture": "#0"},
				"east": {"uv": [7, 15, 8, 16], "texture": "#0"},
				"south": {"uv": [7, 15, 8, 16], "texture": "#0"},
				"west": {"uv": [7, 15, 8, 16], "texture": "#0"},
				"up": {"uv": [7, 15, 8, 16], "texture": "#0"},
				"down": {"uv": [7, 15, 8, 16], "texture": "#0"}
			}
		},
		{
			"name": "DP27drum",
			"from": [4.9375, 10.3438, 1.9062],
			"to": [9.96875, 10.9063, 2.74995],
			"rotation": {"angle": -22.5, "axis": "y", "origin": [7.45313, 10.62505, 2.32808]},
			"faces": {
				"north": {"uv": [8, 15, 9, 16], "texture": "#0"},
				"east": {"uv": [8, 15, 9, 16], "texture": "#0"},
				"south": {"uv": [8, 15, 9, 16], "texture": "#0"},
				"west": {"uv": [8, 15, 9, 16], "texture": "#0"},
				"up": {"uv": [8, 15, 9, 16], "rotation": 180, "texture": "#0"},
				"down": {"uv": [8, 15, 9, 16], "rotation": 180, "texture": "#0"}
			}
		},
		{
			"name": "DP27drum",
			"from": [7.03125, 10.3438, -0.18755],
			"to": [7.875, 10.9063, 4.8437],
			"rotation": {"angle": 45, "axis": "y", "origin": [7.45313, 10.62505, 2.32808]},
			"faces": {
				"north": {"uv": [8, 15, 9, 16], "texture": "#0"},
				"east": {"uv": [8, 15, 9, 16], "texture": "#0"},
				"south": {"uv": [8, 15, 9, 16], "texture": "#0"},
				"west": {"uv": [8, 15, 9, 16], "texture": "#0"},
				"up": {"uv": [8, 15, 9, 16], "rotation": 270, "texture": "#0"},
				"down": {"uv": [8, 15, 9, 16], "rotation": 90, "texture": "#0"}
			}
		},
		{
			"name": "DP27drum",
			"from": [7.03125, 10.3438, -0.18755],
			"to": [7.875, 10.9063, 4.8437],
			"rotation": {"angle": 22.5, "axis": "y", "origin": [7.45313, 10.62505, 2.32808]},
			"faces": {
				"north": {"uv": [8, 15, 9, 16], "texture": "#0"},
				"east": {"uv": [8, 15, 9, 16], "texture": "#0"},
				"south": {"uv": [8, 15, 9, 16], "texture": "#0"},
				"west": {"uv": [8, 15, 9, 16], "texture": "#0"},
				"up": {"uv": [8, 15, 9, 16], "rotation": 270, "texture": "#0"},
				"down": {"uv": [8, 15, 9, 16], "rotation": 90, "texture": "#0"}
			}
		},
		{
			"name": "DP27drum",
			"from": [7.03125, 10.3438, -0.18755],
			"to": [7.875, 10.9063, 4.8437],
			"faces": {
				"north": {"uv": [8, 15, 9, 16], "texture": "#0"},
				"east": {"uv": [8, 15, 9, 16], "texture": "#0"},
				"south": {"uv": [8, 15, 9, 16], "texture": "#0"},
				"west": {"uv": [8, 15, 9, 16], "texture": "#0"},
				"up": {"uv": [8, 15, 9, 16], "rotation": 270, "texture": "#0"},
				"down": {"uv": [8, 15, 9, 16], "rotation": 90, "texture": "#0"}
			}
		},
		{
			"name": "DP27drum",
			"from": [7.03125, 10.3438, -0.18755],
			"to": [7.875, 10.9063, 4.8437],
			"rotation": {"angle": -22.5, "axis": "y", "origin": [7.45313, 10.62505, 2.32808]},
			"faces": {
				"north": {"uv": [8, 15, 9, 16], "texture": "#0"},
				"east": {"uv": [8, 15, 9, 16], "texture": "#0"},
				"south": {"uv": [8, 15, 9, 16], "texture": "#0"},
				"west": {"uv": [8, 15, 9, 16], "texture": "#0"},
				"up": {"uv": [8, 15, 9, 16], "rotation": 270, "texture": "#0"},
				"down": {"uv": [8, 15, 9, 16], "rotation": 90, "texture": "#0"}
			}
		},
		{
			"name": "DP27drum",
			"from": [4.9375, 10.3438, 1.9062],
			"to": [9.96875, 10.9063, 2.74995],
			"rotation": {"angle": 45, "axis": "y", "origin": [7.45313, 10.62505, 2.32808]},
			"faces": {
				"north": {"uv": [8, 15, 9, 16], "texture": "#0"},
				"east": {"uv": [8, 15, 9, 16], "texture": "#0"},
				"south": {"uv": [8, 15, 9, 16], "texture": "#0"},
				"west": {"uv": [8, 15, 9, 16], "texture": "#0"},
				"up": {"uv": [8, 15, 9, 16], "texture": "#0"},
				"down": {"uv": [8, 15, 9, 16], "texture": "#0"}
			}
		},
		{
			"name": "DP27drum",
			"from": [4.9375, 10.3438, 1.9062],
			"to": [9.96875, 10.9063, 2.74995],
			"rotation": {"angle": 22.5, "axis": "y", "origin": [7.45313, 10.62505, 2.32808]},
			"faces": {
				"north": {"uv": [8, 15, 9, 16], "texture": "#0"},
				"east": {"uv": [8, 15, 9, 16], "texture": "#0"},
				"south": {"uv": [8, 15, 9, 16], "texture": "#0"},
				"west": {"uv": [8, 15, 9, 16], "texture": "#0"},
				"up": {"uv": [8, 15, 9, 16], "texture": "#0"},
				"down": {"uv": [8, 15, 9, 16], "texture": "#0"}
			}
		},
		{
			"name": "DP27drum",
			"from": [4.9375, 10.3438, 1.9062],
			"to": [9.96875, 10.9063, 2.74995],
			"faces": {
				"north": {"uv": [8, 15, 9, 16], "texture": "#0"},
				"east": {"uv": [8, 15, 9, 16], "texture": "#0"},
				"south": {"uv": [8, 15, 9, 16], "texture": "#0"},
				"west": {"uv": [8, 15, 9, 16], "texture": "#0"},
				"up": {"uv": [8, 15, 9, 16], "texture": "#0"},
				"down": {"uv": [8, 15, 9, 16], "texture": "#0"}
			}
		}
	],
	"display": {
		"thirdperson": {
			"rotation": [-3, 90, -90],
			"translation": [3, 2, -2],
			"scale": [1, 1.2, 1.2]
		},
		"firstperson": {
			"rotation": [0, -140, 0],
			"translation": [-15, 8,-4],
			"scale": [1.2,1.2,1.8]
		},
		"ground": {
			"rotation": [0, 0, -30],
			"translation": [0, -1.89, 4.54],
			"scale": [0.7, 0.7, 0.7]
		},
		"gui": {
			"rotation": [-21, 140, -40],
			"translation": [0.94, -1.2, 0],
			"scale": [0.8, 0.8, 0.8]
		},
		"head": {
			"rotation": [0, 6, -43],
			"translation": [2.46, -21.54, 11.15],
			"scale": [2, 2, 2]
		},
		"fixed": {
			"rotation": [0, 0, -44],
			"translation": [0, -2, 2.4]
		}
	}
}