{
	"credit": "Made with Blockbench",
	"textures": {
		"0": "items/rgbsheet1",
		"1": "items/texturedmaterials1",
		"particle": "items/rgbsheet1"
	},
	"elements": [
		{
			"name": "Metal",
			"from": [7.05, 3.5, 7.75],
			"to": [9.05, 5.5, 8],
			"faces": {
				"north": {"uv": [0, 4, 2, 6], "texture": "#1"},
				"east": {"uv": [0, 4, 0.25, 6], "texture": "#1"},
				"south": {"uv": [0, 4, 2, 6], "texture": "#1"},
				"west": {"uv": [0, 4, 0.25, 6], "texture": "#1"},
				"up": {"uv": [0, 4, 2, 4.25], "texture": "#1"},
				"down": {"uv": [0, 4, 2, 4.25], "texture": "#1"}
			}
		},
		{
			"name": "Metal",
			"from": [7.05, 1.25, 8.25],
			"to": [9.05, 5.5, 10.5],
			"faces": {
				"north": {"uv": [0, 4, 2, 7.25], "texture": "#1"},
				"east": {"uv": [0, 4, 2, 7.25], "texture": "#1"},
				"south": {"uv": [0, 4, 2, 7.25], "texture": "#1"},
				"west": {"uv": [0, 4, 2, 7.25], "texture": "#1"},
				"up": {"uv": [0, 4, 2, 7.25], "texture": "#1"},
				"down": {"uv": [0, 4, 2, 7.25], "texture": "#1"}
			}
		},
		{
			"name": "Metal",
			"from": [7.3, -4.25, 8.5],
			"to": [8.8, 1.5, 10.25],
			"faces": {
				"north": {"uv": [0, 9, 5.75, 10.75], "rotation": 90, "texture": "#1"},
				"east": {"uv": [0, 9, 5.75, 10.75], "rotation": 90, "texture": "#1"},
				"south": {"uv": [0, 9, 5.75, 10.75], "rotation": 90, "texture": "#1"},
				"west": {"uv": [0, 9, 5.75, 10.75], "rotation": 90, "texture": "#1"},
				"up": {"uv": [0, 9, 5.75, 10.75], "rotation": 90, "texture": "#1"},
				"down": {"uv": [0, 9, 5.75, 10.75], "rotation": 90, "texture": "#1"}
			}
		},
		{
			"name": "Metal",
			"from": [7.05, 3, 7.25],
			"to": [9.05, 3.25, 8.25],
			"faces": {
				"north": {"uv": [0, 4, 2, 4.25], "texture": "#1"},
				"east": {"uv": [0, 4, 1, 4.25], "texture": "#1"},
				"south": {"uv": [0, 4, 2, 4.25], "texture": "#1"},
				"west": {"uv": [0, 4, 1, 4.25], "texture": "#1"},
				"up": {"uv": [0, 4, 2, 5], "texture": "#1"},
				"down": {"uv": [0, 4, 2, 5], "texture": "#1"}
			}
		},
		{
			"name": "Metal",
			"from": [7.05, 3.25, 7],
			"to": [9.05, 5.5, 7.25],
			"faces": {
				"north": {"uv": [0, 4, 2, 6.25], "texture": "#1"},
				"east": {"uv": [0, 4, 0.25, 6.25], "texture": "#1"},
				"south": {"uv": [0, 4, 2, 6.25], "texture": "#1"},
				"west": {"uv": [0, 4, 0.25, 6.25], "texture": "#1"},
				"up": {"uv": [0, 4, 2, 4.25], "texture": "#1"},
				"down": {"uv": [0, 4, 2, 4.25], "texture": "#1"}
			}
		},
		{
			"name": "Metal",
			"from": [7.55, 5.5, -3.76],
			"to": [8.55, 6, 1.49],
			"faces": {
				"north": {"uv": [7, 15, 8, 16], "texture": "#0"},
				"east": {"uv": [7, 15, 8, 16], "texture": "#0"},
				"south": {"uv": [7, 15, 8, 16], "texture": "#0"},
				"west": {"uv": [7, 15, 8, 16], "texture": "#0"},
				"up": {"uv": [7, 15, 8, 16], "texture": "#0"},
				"down": {"uv": [7, 15, 8, 16], "texture": "#0"}
			}
		},
		{
			"name": "Metal",
			"from": [7.8, 5.25, -3.75],
			"to": [8.3, 6.25, 1.5],
			"faces": {
				"north": {"uv": [7, 15, 8, 16], "texture": "#0"},
				"east": {"uv": [7, 15, 8, 16], "texture": "#0"},
				"south": {"uv": [7, 15, 8, 16], "texture": "#0"},
				"west": {"uv": [7, 15, 8, 16], "texture": "#0"},
				"up": {"uv": [7, 15, 8, 16], "texture": "#0"},
				"down": {"uv": [7, 15, 8, 16], "texture": "#0"}
			}
		},
		{
			"name": "Metal",
			"from": [8.3, 7, 0.75],
			"to": [8.55, 7.5, 2.25],
			"faces": {
				"north": {"uv": [0, 4, 0.25, 4.5], "texture": "#1"},
				"east": {"uv": [0, 4, 1.5, 4.5], "texture": "#1"},
				"south": {"uv": [0, 4, 0.25, 4.5], "texture": "#1"},
				"west": {"uv": [0, 4, 1.5, 4.5], "texture": "#1"},
				"up": {"uv": [0, 4, 0.25, 5.5], "texture": "#1"},
				"down": {"uv": [0, 4, 0.25, 5.5], "texture": "#1"}
			}
		},
		{
			"name": "Metal",
			"from": [7.55, 7, 0.75],
			"to": [7.8, 7.5, 2.25],
			"faces": {
				"north": {"uv": [0, 4, 0.25, 4.5], "texture": "#1"},
				"east": {"uv": [0, 4, 1.5, 4.5], "texture": "#1"},
				"south": {"uv": [0, 4, 0.25, 4.5], "texture": "#1"},
				"west": {"uv": [0, 4, 1.5, 4.5], "texture": "#1"},
				"up": {"uv": [0, 4, 0.25, 5.5], "texture": "#1"},
				"down": {"uv": [0, 4, 0.25, 5.5], "texture": "#1"}
			}
		},
		{
			"name": "Metal",
			"from": [7.55, 6.75, 0.75],
			"to": [8.55, 7, 2.25],
			"faces": {
				"north": {"uv": [0, 4, 1, 4.25], "texture": "#1"},
				"east": {"uv": [0, 4, 1.5, 4.25], "texture": "#1"},
				"south": {"uv": [0, 4, 1, 4.25], "texture": "#1"},
				"west": {"uv": [0, 4, 1.5, 4.25], "texture": "#1"},
				"up": {"uv": [0, 4, 1, 5.5], "texture": "#1"},
				"down": {"uv": [0, 4, 1, 5.5], "texture": "#1"}
			}
		},
		{
			"name": "Metal",
			"from": [7.55, 5.75, 5],
			"to": [8.55, 7, 6.5],
			"faces": {
				"north": {"uv": [0, 4, 1, 5.25], "texture": "#1"},
				"east": {"uv": [0, 4, 1.5, 5.25], "texture": "#1"},
				"south": {"uv": [0, 4, 1, 5.25], "texture": "#1"},
				"west": {"uv": [0, 4, 1.5, 5.25], "texture": "#1"},
				"up": {"uv": [0, 4, 1, 5.5], "texture": "#1"},
				"down": {"uv": [0, 4, 1, 5.5], "texture": "#1"}
			}
		},
		{
			"name": "Metal",
			"from": [6.8, 6.25, 3],
			"to": [9.3, 6.5, 8.75],
			"faces": {
				"north": {"uv": [0, 4, 5.75, 5.25], "texture": "#1"},
				"east": {"uv": [0, 4, 5.75, 5.25], "texture": "#1"},
				"south": {"uv": [0, 4, 5.75, 5.25], "texture": "#1"},
				"west": {"uv": [0, 4, 5.75, 5.25], "texture": "#1"},
				"up": {"uv": [0, 4, 5.75, 5.25], "texture": "#1"},
				"down": {"uv": [0, 4, 5.75, 5.25], "texture": "#1"}
			}
		},
		{
			"name": "Metal",
			"from": [6.8, 5.75, 3],
			"to": [9.3, 6, 8.75],
			"faces": {
				"north": {"uv": [0, 4, 5.75, 5.25], "texture": "#1"},
				"east": {"uv": [0, 4, 5.75, 5.25], "texture": "#1"},
				"south": {"uv": [0, 4, 5.75, 5.25], "texture": "#1"},
				"west": {"uv": [0, 4, 5.75, 5.25], "texture": "#1"},
				"up": {"uv": [0, 4, 5.75, 5.25], "texture": "#1"},
				"down": {"uv": [0, 4, 5.75, 5.25], "texture": "#1"}
			}
		},
		{
			"name": "Metal",
			"from": [7.05, 5.5, 0.75],
			"to": [9.05, 6.75, 11],
			"faces": {
				"north": {"uv": [0, 4, 7.25, 6], "rotation": 90, "texture": "#1"},
				"east": {"uv": [0, 4, 7.25, 6], "rotation": 90, "texture": "#1"},
				"south": {"uv": [0, 4, 7.25, 6], "rotation": 90, "texture": "#1"},
				"west": {"uv": [0, 4, 7.25, 6], "rotation": 90, "texture": "#1"},
				"up": {"uv": [0, 4, 7.25, 6], "rotation": 90, "texture": "#1"},
				"down": {"uv": [0, 4, 7.25, 6], "rotation": 90, "texture": "#1"}
			}
		},
		{
			"name": "Metal",
			"from": [6.8, 5.5, 11],
			"to": [9.3, 6.75, 12.25],
			"faces": {
				"north": {"uv": [0, 4, 2.5, 5.25], "texture": "#1"},
				"east": {"uv": [0, 4, 1.25, 5.25], "texture": "#1"},
				"south": {"uv": [0, 4, 2.5, 5.25], "texture": "#1"},
				"west": {"uv": [0, 4, 1.25, 5.25], "texture": "#1"},
				"up": {"uv": [0, 4, 2.5, 5.25], "texture": "#1"},
				"down": {"uv": [0, 4, 2.5, 5.25], "texture": "#1"}
			}
		},
		{
			"name": "Metal",
			"from": [6.7, 4.25, 10.5],
			"to": [9.55, 5.5, 12.75],
			"faces": {
				"north": {"uv": [0, 9, 5, 11], "texture": "#1"},
				"east": {"uv": [0, 9, 5, 11], "texture": "#1"},
				"south": {"uv": [0, 9, 5, 11], "texture": "#1"},
				"west": {"uv": [0, 9, 5, 11], "texture": "#1"},
				"up": {"uv": [0, 9, 5, 11], "texture": "#1"},
				"down": {"uv": [0, 9, 5, 11], "texture": "#1"}
			}
		},
		{
			"name": "Metal",
			"from": [6.7, 1.5, 12.75],
			"to": [9.55, 5.5, 13.75],
			"faces": {
				"north": {"uv": [0, 9, 5, 11], "texture": "#1"},
				"east": {"uv": [0, 9, 5, 11], "texture": "#1"},
				"south": {"uv": [0, 9, 5, 11], "texture": "#1"},
				"west": {"uv": [0, 9, 5, 11], "texture": "#1"},
				"up": {"uv": [0, 9, 5, 11], "texture": "#1"},
				"down": {"uv": [0, 9, 5, 11], "texture": "#1"}
			}
		},
		{
			"name": "Metal",
			"from": [6.8, 4.25, 6.5],
			"to": [9.3, 5.5, 10.5],
			"faces": {
				"north": {"uv": [0, 4, 2.5, 5.25], "texture": "#1"},
				"east": {"uv": [0, 4, 4, 5.25], "texture": "#1"},
				"south": {"uv": [0, 4, 2.5, 5.25], "texture": "#1"},
				"west": {"uv": [0, 4, 4, 5.25], "texture": "#1"},
				"up": {"uv": [0, 4, 2.5, 8], "texture": "#1"},
				"down": {"uv": [0, 4, 2.5, 8], "texture": "#1"}
			}
		},
		{
			"name": "Metal",
			"from": [8.3, 7, 10.75],
			"to": [8.55, 7.5, 12.25],
			"faces": {
				"north": {"uv": [0, 4, 0.25, 4.5], "texture": "#1"},
				"east": {"uv": [0, 4, 1.5, 4.5], "texture": "#1"},
				"south": {"uv": [0, 4, 0.25, 4.5], "texture": "#1"},
				"west": {"uv": [0, 4, 1.5, 4.5], "texture": "#1"},
				"up": {"uv": [0, 4, 0.25, 5.5], "texture": "#1"},
				"down": {"uv": [0, 4, 0.25, 5.5], "texture": "#1"}
			}
		},
		{
			"name": "Metal",
			"from": [7.55, 7, 10.75],
			"to": [7.8, 7.5, 12.25],
			"faces": {
				"north": {"uv": [0, 4, 0.25, 4.5], "texture": "#1"},
				"east": {"uv": [0, 4, 1.5, 4.5], "texture": "#1"},
				"south": {"uv": [0, 4, 0.25, 4.5], "texture": "#1"},
				"west": {"uv": [0, 4, 1.5, 4.5], "texture": "#1"},
				"up": {"uv": [0, 4, 0.25, 5.5], "texture": "#1"},
				"down": {"uv": [0, 4, 0.25, 5.5], "texture": "#1"}
			}
		},
		{
			"name": "Metal",
			"from": [7.55, 6.75, 10.75],
			"to": [8.55, 7, 12.25],
			"faces": {
				"north": {"uv": [0, 4, 1, 4.25], "texture": "#1"},
				"east": {"uv": [0, 4, 1.5, 4.25], "texture": "#1"},
				"south": {"uv": [0, 4, 1, 4.25], "texture": "#1"},
				"west": {"uv": [0, 4, 1.5, 4.25], "texture": "#1"},
				"up": {"uv": [0, 4, 1, 5.5], "texture": "#1"},
				"down": {"uv": [0, 4, 1, 5.5], "texture": "#1"}
			}
		},
		{
			"name": "Metal",
			"from": [6.7, 4, 1.25],
			"to": [9.55, 5.5, 1.5],
			"faces": {
				"north": {"uv": [0, 4, 2.85, 5.5], "texture": "#1"},
				"east": {"uv": [0, 4, 0.25, 5.5], "texture": "#1"},
				"south": {"uv": [0, 4, 2.85, 5.5], "texture": "#1"},
				"west": {"uv": [0, 4, 0.25, 5.5], "texture": "#1"},
				"up": {"uv": [0, 4, 2.85, 4.25], "texture": "#1"},
				"down": {"uv": [0, 4, 2.85, 4.25], "texture": "#1"}
			}
		},
		{
			"name": "Metal",
			"from": [6.95, 4, 1.5],
			"to": [9.3, 5.5, 1.75],
			"faces": {
				"north": {"uv": [0, 4, 2.35, 5.5], "texture": "#1"},
				"east": {"uv": [0, 4, 0.25, 5.5], "texture": "#1"},
				"south": {"uv": [0, 4, 2.35, 5.5], "texture": "#1"},
				"west": {"uv": [0, 4, 0.25, 5.5], "texture": "#1"},
				"up": {"uv": [0, 4, 2.35, 4.25], "texture": "#1"},
				"down": {"uv": [0, 4, 2.35, 4.25], "texture": "#1"}
			}
		},
		{
			"name": "Metal",
			"from": [6.7, 4, 1.75],
			"to": [9.55, 5.5, 2],
			"faces": {
				"north": {"uv": [0, 4, 2.85, 5.5], "texture": "#1"},
				"east": {"uv": [0, 4, 0.25, 5.5], "texture": "#1"},
				"south": {"uv": [0, 4, 2.85, 5.5], "texture": "#1"},
				"west": {"uv": [0, 4, 0.25, 5.5], "texture": "#1"},
				"up": {"uv": [0, 4, 2.85, 4.25], "texture": "#1"},
				"down": {"uv": [0, 4, 2.85, 4.25], "texture": "#1"}
			}
		},
		{
			"name": "Metal",
			"from": [6.95, 4, 2],
			"to": [9.3, 5.5, 2.25],
			"faces": {
				"north": {"uv": [0, 4, 2.35, 5.5], "texture": "#1"},
				"east": {"uv": [0, 4, 0.25, 5.5], "texture": "#1"},
				"south": {"uv": [0, 4, 2.35, 5.5], "texture": "#1"},
				"west": {"uv": [0, 4, 0.25, 5.5], "texture": "#1"},
				"up": {"uv": [0, 4, 2.35, 4.25], "texture": "#1"},
				"down": {"uv": [0, 4, 2.35, 4.25], "texture": "#1"}
			}
		},
		{
			"name": "Metal",
			"from": [6.7, 4, 2.25],
			"to": [9.55, 5.5, 2.5],
			"faces": {
				"north": {"uv": [0, 4, 2.85, 5.5], "texture": "#1"},
				"east": {"uv": [0, 4, 0.25, 5.5], "texture": "#1"},
				"south": {"uv": [0, 4, 2.85, 5.5], "texture": "#1"},
				"west": {"uv": [0, 4, 0.25, 5.5], "texture": "#1"},
				"up": {"uv": [0, 4, 2.85, 4.25], "texture": "#1"},
				"down": {"uv": [0, 4, 2.85, 4.25], "texture": "#1"}
			}
		},
		{
			"name": "Metal",
			"from": [6.95, 4, 2.5],
			"to": [9.3, 5.5, 2.75],
			"faces": {
				"north": {"uv": [0, 4, 2.35, 5.5], "texture": "#1"},
				"east": {"uv": [0, 4, 0.25, 5.5], "texture": "#1"},
				"south": {"uv": [0, 4, 2.35, 5.5], "texture": "#1"},
				"west": {"uv": [0, 4, 0.25, 5.5], "texture": "#1"},
				"up": {"uv": [0, 4, 2.35, 4.25], "texture": "#1"},
				"down": {"uv": [0, 4, 2.35, 4.25], "texture": "#1"}
			}
		},
		{
			"name": "Metal",
			"from": [6.7, 4, 2.75],
			"to": [9.55, 5.5, 3],
			"faces": {
				"north": {"uv": [0, 4, 2.85, 5.5], "texture": "#1"},
				"east": {"uv": [0, 4, 0.25, 5.5], "texture": "#1"},
				"south": {"uv": [0, 4, 2.85, 5.5], "texture": "#1"},
				"west": {"uv": [0, 4, 0.25, 5.5], "texture": "#1"},
				"up": {"uv": [0, 4, 2.85, 4.25], "texture": "#1"},
				"down": {"uv": [0, 4, 2.85, 4.25], "texture": "#1"}
			}
		},
		{
			"name": "Metal",
			"from": [6.95, 4, 3],
			"to": [9.3, 5.5, 3.25],
			"faces": {
				"north": {"uv": [0, 4, 2.35, 5.5], "texture": "#1"},
				"east": {"uv": [0, 4, 0.25, 5.5], "texture": "#1"},
				"south": {"uv": [0, 4, 2.35, 5.5], "texture": "#1"},
				"west": {"uv": [0, 4, 0.25, 5.5], "texture": "#1"},
				"up": {"uv": [0, 4, 2.35, 4.25], "texture": "#1"},
				"down": {"uv": [0, 4, 2.35, 4.25], "texture": "#1"}
			}
		},
		{
			"name": "Metal",
			"from": [6.7, 4, 3.25],
			"to": [9.55, 5.5, 3.5],
			"faces": {
				"north": {"uv": [0, 4, 2.85, 5.5], "texture": "#1"},
				"east": {"uv": [0, 4, 0.25, 5.5], "texture": "#1"},
				"south": {"uv": [0, 4, 2.85, 5.5], "texture": "#1"},
				"west": {"uv": [0, 4, 0.25, 5.5], "texture": "#1"},
				"up": {"uv": [0, 4, 2.85, 4.25], "texture": "#1"},
				"down": {"uv": [0, 4, 2.85, 4.25], "texture": "#1"}
			}
		},
		{
			"name": "Metal",
			"from": [6.95, 4, 3.5],
			"to": [9.3, 5.5, 3.75],
			"faces": {
				"north": {"uv": [0, 4, 2.35, 5.5], "texture": "#1"},
				"east": {"uv": [0, 4, 0.25, 5.5], "texture": "#1"},
				"south": {"uv": [0, 4, 2.35, 5.5], "texture": "#1"},
				"west": {"uv": [0, 4, 0.25, 5.5], "texture": "#1"},
				"up": {"uv": [0, 4, 2.35, 4.25], "texture": "#1"},
				"down": {"uv": [0, 4, 2.35, 4.25], "texture": "#1"}
			}
		},
		{
			"name": "Metal",
			"from": [6.7, 4, 3.75],
			"to": [9.55, 5.5, 4],
			"faces": {
				"north": {"uv": [0, 4, 2.85, 5.5], "texture": "#1"},
				"east": {"uv": [0, 4, 0.25, 5.5], "texture": "#1"},
				"south": {"uv": [0, 4, 2.85, 5.5], "texture": "#1"},
				"west": {"uv": [0, 4, 0.25, 5.5], "texture": "#1"},
				"up": {"uv": [0, 4, 2.85, 4.25], "texture": "#1"},
				"down": {"uv": [0, 4, 2.85, 4.25], "texture": "#1"}
			}
		},
		{
			"name": "Metal",
			"from": [6.95, 4, 4],
			"to": [9.3, 5.5, 4.25],
			"faces": {
				"north": {"uv": [0, 4, 2.35, 5.5], "texture": "#1"},
				"east": {"uv": [0, 4, 0.25, 5.5], "texture": "#1"},
				"south": {"uv": [0, 4, 2.35, 5.5], "texture": "#1"},
				"west": {"uv": [0, 4, 0.25, 5.5], "texture": "#1"},
				"up": {"uv": [0, 4, 2.35, 4.25], "texture": "#1"},
				"down": {"uv": [0, 4, 2.35, 4.25], "texture": "#1"}
			}
		},
		{
			"name": "Metal",
			"from": [6.7, 4, 4.25],
			"to": [9.55, 5.5, 4.5],
			"faces": {
				"north": {"uv": [0, 4, 2.85, 5.5], "texture": "#1"},
				"east": {"uv": [0, 4, 0.25, 5.5], "texture": "#1"},
				"south": {"uv": [0, 4, 2.85, 5.5], "texture": "#1"},
				"west": {"uv": [0, 4, 0.25, 5.5], "texture": "#1"},
				"up": {"uv": [0, 4, 2.85, 4.25], "texture": "#1"},
				"down": {"uv": [0, 4, 2.85, 4.25], "texture": "#1"}
			}
		},
		{
			"name": "Metal",
			"from": [6.95, 4, 4.5],
			"to": [9.3, 5.5, 4.75],
			"faces": {
				"north": {"uv": [0, 4, 2.35, 5.5], "texture": "#1"},
				"east": {"uv": [0, 4, 0.25, 5.5], "texture": "#1"},
				"south": {"uv": [0, 4, 2.35, 5.5], "texture": "#1"},
				"west": {"uv": [0, 4, 0.25, 5.5], "texture": "#1"},
				"up": {"uv": [0, 4, 2.35, 4.25], "texture": "#1"},
				"down": {"uv": [0, 4, 2.35, 4.25], "texture": "#1"}
			}
		},
		{
			"name": "Metal",
			"from": [6.7, 4, 4.75],
			"to": [9.55, 5.5, 5],
			"faces": {
				"north": {"uv": [0, 4, 2.85, 5.5], "texture": "#1"},
				"east": {"uv": [0, 4, 0.25, 5.5], "texture": "#1"},
				"south": {"uv": [0, 4, 2.85, 5.5], "texture": "#1"},
				"west": {"uv": [0, 4, 0.25, 5.5], "texture": "#1"},
				"up": {"uv": [0, 4, 2.85, 4.25], "texture": "#1"},
				"down": {"uv": [0, 4, 2.85, 4.25], "texture": "#1"}
			}
		},
		{
			"name": "Metal",
			"from": [6.95, 4, 5],
			"to": [9.3, 5.5, 5.25],
			"faces": {
				"north": {"uv": [0, 4, 2.35, 5.5], "texture": "#1"},
				"east": {"uv": [0, 4, 0.25, 5.5], "texture": "#1"},
				"south": {"uv": [0, 4, 2.35, 5.5], "texture": "#1"},
				"west": {"uv": [0, 4, 0.25, 5.5], "texture": "#1"},
				"up": {"uv": [0, 4, 2.35, 4.25], "texture": "#1"},
				"down": {"uv": [0, 4, 2.35, 4.25], "texture": "#1"}
			}
		},
		{
			"name": "Metal",
			"from": [6.7, 4, 5.25],
			"to": [9.55, 5.5, 5.5],
			"faces": {
				"north": {"uv": [0, 4, 2.85, 5.5], "texture": "#1"},
				"east": {"uv": [0, 4, 0.25, 5.5], "texture": "#1"},
				"south": {"uv": [0, 4, 2.85, 5.5], "texture": "#1"},
				"west": {"uv": [0, 4, 0.25, 5.5], "texture": "#1"},
				"up": {"uv": [0, 4, 2.85, 4.25], "texture": "#1"},
				"down": {"uv": [0, 4, 2.85, 4.25], "texture": "#1"}
			}
		},
		{
			"name": "Metal",
			"from": [6.95, 4, 5.5],
			"to": [9.3, 5.5, 5.75],
			"faces": {
				"north": {"uv": [0, 4, 2.35, 5.5], "texture": "#1"},
				"east": {"uv": [0, 4, 0.25, 5.5], "texture": "#1"},
				"south": {"uv": [0, 4, 2.35, 5.5], "texture": "#1"},
				"west": {"uv": [0, 4, 0.25, 5.5], "texture": "#1"},
				"up": {"uv": [0, 4, 2.35, 4.25], "texture": "#1"},
				"down": {"uv": [0, 4, 2.35, 4.25], "texture": "#1"}
			}
		},
		{
			"name": "Metal",
			"from": [6.95, 4, 6],
			"to": [9.3, 5.5, 6.25],
			"faces": {
				"north": {"uv": [0, 4, 2.35, 5.5], "texture": "#1"},
				"east": {"uv": [0, 4, 0.25, 5.5], "texture": "#1"},
				"south": {"uv": [0, 4, 2.35, 5.5], "texture": "#1"},
				"west": {"uv": [0, 4, 0.25, 5.5], "texture": "#1"},
				"up": {"uv": [0, 4, 2.35, 4.25], "texture": "#1"},
				"down": {"uv": [0, 4, 2.35, 4.25], "texture": "#1"}
			}
		},
		{
			"name": "Metal",
			"from": [6.7, 4, 6.25],
			"to": [9.55, 5.5, 6.5],
			"faces": {
				"north": {"uv": [0, 4, 2.85, 5.5], "texture": "#1"},
				"east": {"uv": [0, 4, 0.25, 5.5], "texture": "#1"},
				"south": {"uv": [0, 4, 2.85, 5.5], "texture": "#1"},
				"west": {"uv": [0, 4, 0.25, 5.5], "texture": "#1"},
				"up": {"uv": [0, 4, 2.85, 4.25], "texture": "#1"},
				"down": {"uv": [0, 4, 2.85, 4.25], "texture": "#1"}
			}
		},
		{
			"name": "Metal",
			"from": [6.7, 4, 1.25],
			"to": [9.55, 4.25, 6.5],
			"faces": {
				"north": {"uv": [0, 4, 2.85, 4.25], "texture": "#1"},
				"east": {"uv": [0, 4, 5.25, 4.25], "texture": "#1"},
				"south": {"uv": [0, 4, 2.85, 4.25], "texture": "#1"},
				"west": {"uv": [0, 4, 5.25, 4.25], "texture": "#1"},
				"up": {"uv": [0, 4, 2.85, 9.25], "texture": "#1"},
				"down": {"uv": [0, 4, 2.85, 9.25], "texture": "#1"}
			}
		},
		{
			"name": "Metal",
			"from": [6.7, 4, 5.75],
			"to": [9.55, 5.5, 6],
			"faces": {
				"north": {"uv": [0, 4, 2.85, 5.5], "texture": "#1"},
				"east": {"uv": [0, 4, 0.25, 5.5], "texture": "#1"},
				"south": {"uv": [0, 4, 2.85, 5.5], "texture": "#1"},
				"west": {"uv": [0, 4, 0.25, 5.5], "texture": "#1"},
				"up": {"uv": [0, 4, 2.85, 4.25], "texture": "#1"},
				"down": {"uv": [0, 4, 2.85, 4.25], "texture": "#1"}
			}
		}
	],
	"display": {
		"thirdperson": {
			"rotation": [90, 90, -90],
			"translation": [0, 0, -4],
			"scale": [1, 1.2, 1.2]
		},
		"firstperson": {
			"rotation": [0, -60, 0],
			"translation": [-8, 7,1],
			"scale": [1.2,1.2,1.8]
		},
		"gui": {
			"rotation": [0, 133, 0]
		},
		"fixed": {
			"rotation": [-89, 130, 96],
			"translation": [2.25, -0.5, -0.5]
		}
	},
	"groups": [0, 1, 2, 3, 4, 5, 6, 7, 8, 9, 10, 11, 12, 13, 14, 15, 16, 17, 18, 19, 20,
		{
			"name": "group",
			"origin": [8, 8, 8],
			"children": [21, 22, 23, 24, 25, 26, 27, 28, 29, 30, 31, 32, 33, 34, 35, 36, 37, 38, 39, 40, 41, 42]
		}
	]
}